,ETH-USD,ETH-USD,ETH-USD,ETH-USD,ETH-USD,^VIX,^VIX,^VIX,^VIX,^VIX,^FTSE,^FTSE,^FTSE,^FTSE,^FTSE,^FVX,^FVX,^FVX,^FVX,^FVX,^GSPC,^GSPC,^GSPC,^GSPC,^GSPC,BTC-USD,BTC-USD,BTC-USD,BTC-USD,BTC-USD,^TYX,^TYX,^TYX,^TYX,^TYX,^HSI,^HSI,^HSI,^HSI,^HSI,^TNX,^TNX,^TNX,^TNX,^TNX,^N225,^N225,^N225,^N225,^N225
,Open,High,Low,Close,Volume,Open,High,Low,Close,Volume,Open,High,Low,Close,Volume,Open,High,Low,Close,Volume,Open,High,Low,Close,Volume,Open,High,Low,Close,Volume,Open,High,Low,Close,Volume,Open,High,Low,Close,Volume,Open,High,Low,Close,Volume,Open,High,Low,Close,Volume
Datetime,,,,,,,,,,,,,,,,,,,,,,,,,,,,,,,,,,,,,,,,,,,,,,,,,,
2021-12-31 08:00:00+00:00,,,,,,,,,,,7403.009765625,7403.009765625,7364.64990234375,7377.89013671875,0.0,,,,,,,,,,,,,,,,,,,,,,,,,,,,,,,,,,,
2021-12-31 08:15:00+00:00,,,,,,,,,,,7377.83984375,7380.06005859375,7373.75,7376.72021484375,0.0,,,,,,,,,,,,,,,,,,,,,,,,,,,,,,,,,,,
2021-12-31 08:30:00+00:00,,,,,,,,,,,7376.740234375,7379.08984375,7375.14013671875,7376.77001953125,0.0,,,,,,,,,,,,,,,,,,,,,,,,,,,,,,,,,,,
2021-12-31 08:45:00+00:00,,,,,,,,,,,7376.66015625,7377.81982421875,7375.330078125,7376.06005859375,0.0,,,,,,,,,,,,,,,,,,,,,,,,,,,,,,,,,,,
2021-12-31 09:00:00+00:00,,,,,,,,,,,7376.06005859375,7379.5498046875,7374.43017578125,7378.7900390625,0.0,,,,,,,,,,,,,,,,,,,,,,,,,,,,,,,,,,,
2021-12-31 09:15:00+00:00,,,,,,,,,,,7378.56982421875,7378.68017578125,7376.1201171875,7376.5,0.0,,,,,,,,,,,,,,,,,,,,,,,,,,,,,,,,,,,
2021-12-31 09:30:00+00:00,,,,,,,,,,,7376.39990234375,7380.43017578125,7376.3798828125,7380.43017578125,0.0,,,,,,,,,,,,,,,,,,,,,,,,,,,,,,,,,,,
2021-12-31 09:45:00+00:00,,,,,,,,,,,7380.4501953125,7384.97998046875,7379.990234375,7384.97998046875,0.0,,,,,,,,,,,,,,,,,,,,,,,,,,,,,,,,,,,
2021-12-31 10:00:00+00:00,,,,,,,,,,,7385.0,7385.77978515625,7379.56005859375,7381.919921875,0.0,,,,,,,,,,,,,,,,,,,,,,,,,,,,,,,,,,,
2021-12-31 10:15:00+00:00,,,,,,,,,,,7381.919921875,7384.2998046875,7381.72021484375,7383.259765625,0.0,,,,,,,,,,,,,,,,,,,,,,,,,,,,,,,,,,,
2021-12-31 10:30:00+00:00,,,,,,,,,,,7383.25,7384.2998046875,7380.68994140625,7381.669921875,0.0,,,,,,,,,,,,,,,,,,,,,,,,,,,,,,,,,,,
2021-12-31 10:45:00+00:00,,,,,,,,,,,7381.66015625,7382.18017578125,7379.93017578125,7381.2998046875,0.0,,,,,,,,,,,,,,,,,,,,,,,,,,,,,,,,,,,
2021-12-31 11:00:00+00:00,,,,,,,,,,,7381.25,7381.580078125,7371.7998046875,7375.669921875,0.0,,,,,,,,,,,,,,,,,,,,,,,,,,,,,,,,,,,
2021-12-31 11:15:00+00:00,,,,,,,,,,,7375.64990234375,7379.830078125,7375.64013671875,7379.830078125,0.0,,,,,,,,,,,,,,,,,,,,,,,,,,,,,,,,,,,
2021-12-31 11:30:00+00:00,,,,,,,,,,,7379.81982421875,7380.419921875,7374.9501953125,7374.97021484375,0.0,,,,,,,,,,,,,,,,,,,,,,,,,,,,,,,,,,,
2021-12-31 11:45:00+00:00,,,,,,,,,,,7375.0,7376.68017578125,7371.06982421875,7371.4501953125,0.0,,,,,,,,,,,,,,,,,,,,,,,,,,,,,,,,,,,
2021-12-31 12:00:00+00:00,,,,,,,,,,,7371.43994140625,7371.43994140625,7357.10009765625,7364.83984375,0.0,,,,,,,,,,,,,,,,,,,,,,,,,,,,,,,,,,,
2021-12-31 12:15:00+00:00,,,,,,,,,,,7364.85986328125,7388.0,7358.6201171875,7380.0,0.0,,,,,,,,,,,,,,,,,,,,,,,,,,,,,,,,,,,
2022-01-03 13:15:00+00:00,,,,,,,,,,,,,,,,1.2999999523162842,1.3209999799728394,1.2970000505447388,1.318000078201294,0.0,,,,,,,,,,,1.9179999828338623,1.9459998607635498,1.9170000553131104,1.9459998607635498,0.0,,,,,,1.534000039100647,1.5600000619888306,1.5329999923706055,1.5600000619888306,0.0,,,,,
2022-01-03 13:30:00+00:00,,,,,,,,,,,,,,,,1.3199999332427979,1.3329999446868896,1.3199999332427979,1.3279999494552612,0.0,,,,,,,,,,,1.9479999542236328,1.9600000381469727,1.9479999542236328,1.9509999752044678,0.0,,,,,,1.5640000104904175,1.5779999494552612,1.562000036239624,1.5709999799728394,0.0,,,,,
2022-01-03 13:45:00+00:00,,,,,,,,,,,,,,,,1.3279999494552612,1.340999960899353,1.3279999494552612,1.3389999866485596,0.0,,,,,,,,,,,1.9509999752044678,1.9639999866485596,1.9509999752044678,1.962999939918518,0.0,,,,,,1.5709999799728394,1.5850000381469727,1.5709999799728394,1.5829999446868896,0.0,,,,,
2022-01-03 14:00:00+00:00,,,,,,,,,,,,,,,,1.3389999866485596,1.3459999561309814,1.3339999914169312,1.343000054359436,0.0,,,,,,,,,,,1.962999939918518,1.975000023841858,1.9620001316070557,1.9719998836517334,0.0,,,,,,1.5829999446868896,1.593000054359436,1.5789999961853027,1.5899999141693115,0.0,,,,,
2022-01-03 14:15:00+00:00,,,,,,,,,,,,,,,,1.343999981880188,1.3459999561309814,1.3389999866485596,1.340999960899353,0.0,,,,,,,,,,,1.9719998836517334,1.9739999771118164,1.962999939918518,1.9709999561309814,0.0,,,,,,1.5899999141693115,1.590999960899353,1.5850000381469727,1.5899999141693115,0.0,,,,,
2022-01-03 14:30:00+00:00,,,,,,17.75,17.75,17.170000076293945,17.360000610351562,0.0,,,,,,1.340999960899353,1.3539999723434448,1.340999960899353,1.3510000705718994,0.0,4778.14013671875,4795.85986328125,4778.14013671875,4789.5400390625,87464401.0,,,,,,1.9709999561309814,1.975000023841858,1.9570000171661377,1.9670000076293945,0.0,,,,,,1.5899999141693115,1.597999930381775,1.5880000591278076,1.5950000286102295,0.0,,,,,
2022-01-03 14:45:00+00:00,,,,,,17.350000381469727,18.540000915527344,17.34000015258789,18.110000610351562,0.0,,,,,,1.3510000705718994,1.3589999675750732,1.3459999561309814,1.3589999675750732,0.0,4790.080078125,4790.9501953125,4758.169921875,4767.419921875,121049757.0,,,,,,1.965999960899353,1.9739999771118164,1.9540001153945923,1.972999930381775,0.0,,,,,,1.593000054359436,1.6040000915527344,1.5859999656677246,1.6019999980926514,0.0,,,,,
2022-01-03 15:00:00+00:00,,,,,,18.049999237060547,18.100000381469727,17.440000534057617,17.440000534057617,0.0,,,,,,1.3589999675750732,1.3619999885559082,1.3519999980926514,1.3609999418258667,0.0,4767.27978515625,4780.56005859375,4766.60986328125,4779.990234375,115995551.0,,,,,,1.972999930381775,1.9799998998641968,1.968000054359436,1.972999930381775,0.0,,,,,,1.6019999980926514,1.6069999933242798,1.600000023841858,1.6049998998641968,0.0,,,,,
2022-01-03 15:15:00+00:00,,,,,,17.450000762939453,17.610000610351562,17.25,17.25,0.0,,,,,,1.3609999418258667,1.3609999418258667,1.3489999771118164,1.3569999933242798,0.0,4779.91015625,4785.27978515625,4775.330078125,4785.14013671875,96567966.0,,,,,,1.972999930381775,1.9739999771118164,1.9600000381469727,1.9700000286102295,0.0,,,,,,1.6049998998641968,1.6049998998641968,1.5899999141693115,1.597999930381775,0.0,,,,,
2022-01-03 15:30:00+00:00,,,,,,17.229999542236328,17.549999237060547,17.229999542236328,17.399999618530273,0.0,,,,,,1.3569999933242798,1.3569999933242798,1.3459999561309814,1.3459999561309814,0.0,4785.52001953125,4785.72021484375,4774.8701171875,4777.31982421875,88352910.0,,,,,,1.9700000286102295,1.9719998836517334,1.9639999866485596,1.968000054359436,0.0,,,,,,1.597999930381775,1.600000023841858,1.5899999141693115,1.5899999141693115,0.0,,,,,
2022-01-03 15:45:00+00:00,,,,,,17.399999618530273,17.450000762939453,17.209999084472656,17.270000457763672,0.0,,,,,,1.347000002861023,1.3489999771118164,1.3459999561309814,1.3489999771118164,0.0,4777.25,4782.1298828125,4776.27978515625,4779.85009765625,75678972.0,,,,,,1.968000054359436,1.9769999980926514,1.968000054359436,1.9769999980926514,0.0,,,,,,1.5899999141693115,1.597999930381775,1.5899999141693115,1.597999930381775,0.0,,,,,
2022-01-03 16:00:00+00:00,,,,,,17.25,17.559999465942383,17.229999542236328,17.559999465942383,0.0,,,,,,1.3489999771118164,1.3569999933242798,1.3489999771118164,1.3519999980926514,0.0,4779.919921875,4780.7099609375,4770.509765625,4771.18994140625,68414083.0,,,,,,1.9769999980926514,2.000999927520752,1.9769999980926514,1.9959999322891235,0.0,,,,,,1.597999930381775,1.6139999628067017,1.597999930381775,1.6069999933242798,0.0,,,,,
2022-01-03 16:15:00+00:00,,,,,,17.549999237060547,17.600000381469727,17.420000076293945,17.450000762939453,0.0,,,,,,1.3519999980926514,1.3569999933242798,1.3519999980926514,1.3560000658035278,0.0,4771.0,4774.75,4769.18017578125,4773.5,66744345.0,,,,,,1.9959999322891235,2.000999927520752,1.9950001239776611,1.9959999322891235,0.0,,,,,,1.6089999675750732,1.6120001077651978,1.6069999933242798,1.6110000610351562,0.0,,,,,
2022-01-03 16:30:00+00:00,,,,,,17.450000762939453,17.90999984741211,17.450000762939453,17.540000915527344,0.0,,,,,,1.3560000658035278,1.3569999933242798,1.3510000705718994,1.3510000705718994,0.0,4773.6298828125,4773.6298828125,4763.240234375,4771.490234375,61778095.0,,,,,,1.9959999322891235,2.000999927520752,1.9919999837875366,1.9930000305175781,0.0,,,,,,1.6110000610351562,1.6139999628067017,1.6069999933242798,1.6069999933242798,0.0,,,,,
2022-01-03 16:45:00+00:00,,,,,,17.520000457763672,17.559999465942383,17.34000015258789,17.420000076293945,0.0,,,,,,1.3510000705718994,1.3569999933242798,1.3489999771118164,1.3560000658035278,0.0,4771.490234375,4776.64013671875,4769.919921875,4772.2900390625,50964923.0,,,,,,1.9930000305175781,2.004999876022339,1.9919999837875366,2.003000020980835,0.0,,,,,,1.6069999933242798,1.6180000305175781,1.6049998998641968,1.6180000305175781,0.0,,,,,
2022-01-03 17:00:00+00:00,,,,,,17.389999389648438,17.479999542236328,17.31999969482422,17.31999969482422,0.0,,,,,,1.3560000658035278,1.3569999933242798,1.3519999980926514,1.3539999723434448,0.0,4772.2900390625,4774.7099609375,4769.16015625,4774.669921875,47101455.0,,,,,,2.003000020980835,2.00600004196167,1.9989999532699585,2.00600004196167,0.0,,,,,,1.6180000305175781,1.6180000305175781,1.6120001077651978,1.6159999370574951,0.0,,,,,
2022-01-03 17:15:00+00:00,,,,,,17.31999969482422,17.350000381469727,17.190000534057617,17.219999313354492,0.0,,,,,,1.3539999723434448,1.3569999933242798,1.3539999723434448,1.3560000658035278,0.0,4774.56982421875,4779.0498046875,4773.35009765625,4778.06982421875,45172371.0,,,,,,2.00600004196167,2.013000011444092,2.003000020980835,2.004999876022339,0.0,,,,,,1.6159999370574951,1.622999906539917,1.6139999628067017,1.6180000305175781,0.0,,,,,
2022-01-03 17:30:00+00:00,,,,,,17.209999084472656,17.329999923706055,17.209999084472656,17.299999237060547,0.0,,,,,,1.3560000658035278,1.3569999933242798,1.3539999723434448,1.3569999933242798,0.0,4778.0498046875,4778.18994140625,4774.08984375,4775.509765625,41568000.0,,,,,,2.00600004196167,2.00600004196167,2.0,2.003000020980835,0.0,,,,,,1.6180000305175781,1.6190000772476196,1.6159999370574951,1.6190000772476196,0.0,,,,,
2022-01-03 17:45:00+00:00,,,,,,17.299999237060547,17.299999237060547,17.149999618530273,17.219999313354492,0.0,,,,,,1.3569999933242798,1.3640000820159912,1.3569999933242798,1.3589999675750732,0.0,4775.5498046875,4778.10009765625,4774.27978515625,4774.740234375,44632000.0,,,,,,2.003000020980835,2.011000156402588,2.003000020980835,2.009000062942505,0.0,,,,,,1.6190000772476196,1.6260000467300415,1.6190000772476196,1.622999906539917,0.0,,,,,
2022-01-03 18:00:00+00:00,,,,,,17.219999313354492,17.290000915527344,17.049999237060547,17.100000381469727,0.0,,,,,,1.3589999675750732,1.3609999418258667,1.3569999933242798,1.3609999418258667,0.0,4774.72998046875,4779.1201171875,4772.490234375,4777.85986328125,43446000.0,,,,,,2.009000062942505,2.0149998664855957,2.007999897003174,2.0139999389648438,0.0,,,,,,1.622999906539917,1.6260000467300415,1.6209999322891235,1.6260000467300415,0.0,,,,,
2022-01-03 18:15:00+00:00,,,,,,17.1200008392334,17.139999389648438,17.030000686645508,17.100000381469727,0.0,,,,,,1.3609999418258667,1.3650000095367432,1.3609999418258667,1.3650000095367432,0.0,4777.830078125,4780.2099609375,4777.14013671875,4779.39013671875,40303000.0,,,,,,2.013000011444092,2.0199999809265137,2.013000011444092,2.0190000534057617,0.0,,,,,,1.6260000467300415,1.6330000162124634,1.625,1.6330000162124634,0.0,,,,,
2022-01-03 18:30:00+00:00,,,,,,17.09000015258789,17.15999984741211,16.950000762939453,16.950000762939453,0.0,,,,,,1.3650000095367432,1.3669999837875366,1.3609999418258667,1.3619999885559082,0.0,4779.419921875,4782.0498046875,4777.60986328125,4781.990234375,42702000.0,,,,,,2.0190000534057617,2.0219998359680176,2.0160000324249268,2.0180001258850098,0.0,,,,,,1.6330000162124634,1.6349999904632568,1.6299998760223389,1.6299998760223389,0.0,,,,,
2022-01-03 18:45:00+00:00,,,,,,16.950000762939453,17.010000228881836,16.899999618530273,16.969999313354492,0.0,,,,,,1.3619999885559082,1.3640000820159912,1.3609999418258667,1.3640000820159912,0.0,4782.009765625,4786.1201171875,4780.81982421875,4786.0498046875,40740000.0,,,,,,2.0180001258850098,2.0199999809265137,2.0180001258850098,2.0199999809265137,0.0,,,,,,1.6299998760223389,1.6330000162124634,1.6299998760223389,1.6319999694824219,0.0,,,,,
2022-01-03 19:00:00+00:00,,,,,,16.979999542236328,17.030000686645508,16.920000076293945,16.989999771118164,0.0,,,,,,1.3640000820159912,1.3650000095367432,1.3589999675750732,1.3609999418258667,0.0,4786.02978515625,4788.7900390625,4784.7998046875,4787.6201171875,44408000.0,,,,,,2.0199999809265137,2.0250000953674316,2.0199999809265137,2.0219998359680176,0.0,,,,,,1.6319999694824219,1.6349999904632568,1.628000020980835,1.628000020980835,0.0,,,,,
2022-01-03 19:15:00+00:00,,,,,,16.989999771118164,17.020000457763672,16.940000534057617,16.969999313354492,0.0,,,,,,1.3609999418258667,1.3619999885559082,1.3589999675750732,1.3619999885559082,0.0,4787.580078125,4788.85986328125,4785.77001953125,4787.740234375,42702000.0,,,,,,2.0219998359680176,2.0239999294281006,2.0199999809265137,2.0209999084472656,0.0,,,,,,1.6299998760223389,1.6319999694824219,1.6299998760223389,1.6299998760223389,0.0,,,,,
2022-01-03 19:30:00+00:00,,,,,,16.959999084472656,17.020000457763672,16.809999465942383,16.809999465942383,0.0,,,,,,1.3619999885559082,1.3640000820159912,1.3609999418258667,1.3609999418258667,0.0,4787.72998046875,4794.740234375,4786.31005859375,4794.43994140625,49035000.0,,,,,,2.0199999809265137,2.0219998359680176,2.0139999389648438,2.0149998664855957,0.0,,,,,,1.6299998760223389,1.6319999694824219,1.625,1.625,0.0,,,,,
2022-01-03 19:45:00+00:00,,,,,,16.829999923706055,16.93000030517578,16.81999969482422,16.920000076293945,0.0,,,,,,1.3609999418258667,1.3650000095367432,1.3569999933242798,1.3650000095367432,0.0,4794.41015625,4795.2001953125,4790.2001953125,4790.72021484375,51387000.0,,,,,,2.0149998664855957,2.0199999809265137,2.011000156402588,2.0160000324249268,0.0,,,,,,1.625,1.628000020980835,1.6209999322891235,1.628000020980835,0.0,,,,,
2022-01-03 20:00:00+00:00,,,,,,16.93000030517578,17.0,16.889999389648438,16.899999618530273,0.0,,,,,,,,,,,4790.6201171875,4793.56982421875,4788.91015625,4792.7099609375,50858000.0,,,,,,,,,,,,,,,,,,,,,,,,,
2022-01-03 20:15:00+00:00,,,,,,16.920000076293945,16.969999313354492,16.889999389648438,16.950000762939453,0.0,,,,,,,,,,,4792.75,4793.58984375,4791.06982421875,4792.419921875,59904000.0,,,,,,,,,,,,,,,,,,,,,,,,,
2022-01-03 20:30:00+00:00,,,,,,16.950000762939453,17.170000076293945,16.799999237060547,17.1200008392334,0.0,,,,,,,,,,,4792.43994140625,4795.68994140625,4785.169921875,4787.43017578125,87434000.0,,,,,,,,,,,,,,,,,,,,,,,,,
2022-01-03 20:45:00+00:00,,,,,,17.06999969482422,17.079999923706055,16.6299991607666,16.6299991607666,0.0,,,,,,,,,,,4787.490234375,4796.3798828125,4787.31982421875,4795.93994140625,227567000.0,,,,,,,,,,,,,,,,,,,,,,,,,
2022-01-04 00:00:00+00:00,3763.62109375,3768.17431640625,3761.920654296875,3762.186279296875,1738752.0,,,,,,,,,,,,,,,,,,,,,46461.95703125,46505.2265625,46416.25,46418.015625,7157760.0,,,,,,,,,,,,,,,,29098.41015625,29100.05078125,28954.560546875,29022.529296875,0.0
2022-01-04 00:15:00+00:00,3762.3642578125,3762.83056640625,3754.269775390625,3758.845947265625,86742016.0,,,,,,,,,,,,,,,,,,,,,46416.26953125,46416.26953125,46292.14453125,46370.01171875,148660224.0,,,,,,,,,,,,,,,,29023.140625,29034.23046875,28996.330078125,29010.349609375,0.0
2022-01-04 00:30:00+00:00,3763.873046875,3763.873046875,3756.2685546875,3756.2685546875,144027648.0,,,,,,,,,,,,,,,,,,,,,46384.5078125,46452.3125,46353.859375,46353.859375,260943872.0,,,,,,,,,,,,,,,,29009.6796875,29026.0,28996.26953125,29011.4296875,0.0
2022-01-04 00:45:00+00:00,3755.8896484375,3755.8896484375,3743.561767578125,3743.9619140625,109575168.0,,,,,,,,,,,,,,,,,,,,,46298.25390625,46316.203125,46218.3125,46218.3125,4599808.0,,,,,,,,,,,,,,,,29015.26953125,29227.0,29015.26953125,29189.98046875,0.0
2022-01-04 01:00:00+00:00,,,,,,,,,,,,,,,,,,,,,,,,,,46221.35546875,46221.35546875,46221.35546875,46221.35546875,18040832.0,,,,,,,,,,,,,,,,29191.4609375,29191.4609375,29146.33984375,29169.8203125,0.0
2022-01-04 01:15:00+00:00,,,,,,,,,,,,,,,,,,,,,,,,,,,,,,,,,,,,,,,,,,,,,,29171.25,29212.30078125,29164.7109375,29207.849609375,0.0
2022-01-04 01:30:00+00:00,,,,,,,,,,,,,,,,,,,,,,,,,,,,,,,,,,,,23400.619140625,23439.30078125,23353.759765625,23375.470703125,0.0,,,,,,29207.3203125,29246.9296875,29205.919921875,29224.509765625,0.0
2022-01-04 01:45:00+00:00,,,,,,,,,,,,,,,,,,,,,,,,,,,,,,,,,,,,23372.849609375,23374.94921875,23310.439453125,23313.990234375,0.0,,,,,,29224.220703125,29253.779296875,29189.5,29191.16015625,0.0
2022-01-04 02:00:00+00:00,,,,,,,,,,,,,,,,,,,,,,,,,,,,,,,,,,,,23312.33984375,23313.740234375,23238.849609375,23243.369140625,0.0,,,,,,29189.1796875,29214.890625,29166.25,29188.9296875,0.0
2022-01-04 02:15:00+00:00,3725.198974609375,3729.9228515625,3725.198974609375,3729.9228515625,98492416.0,,,,,,,,,,,,,,,,,,,,,46084.10546875,46143.8984375,46084.10546875,46143.8984375,190224384.0,,,,,,23244.859375,23248.44921875,23196.439453125,23227.0390625,0.0,,,,,,29186.1796875,29193.669921875,29179.5703125,29189.9296875,0.0
2022-01-04 02:30:00+00:00,3730.02490234375,3731.986083984375,3728.174560546875,3731.930419921875,74553344.0,,,,,,,,,,,,,,,,,,,,,46146.67578125,46185.03125,46131.74609375,46182.48046875,139755520.0,,,,,,23223.08984375,23225.01953125,23165.220703125,23201.130859375,0.0,,,,,,29189.25,29189.25,29188.16015625,29188.16015625,0.0
2022-01-04 02:45:00+00:00,3732.420166015625,3733.47900390625,3729.537841796875,3730.367919921875,2484224.0,,,,,,,,,,,,,,,,,,,,,46186.09765625,46220.890625,46150.83203125,46150.83203125,168069120.0,,,,,,23201.060546875,23221.009765625,23170.869140625,23213.640625,0.0,,,,,,,,,,
2022-01-04 03:00:00+00:00,3730.044921875,3730.37255859375,3725.300048828125,3726.17431640625,0.0,,,,,,,,,,,,,,,,,,,,,46147.80078125,46151.0234375,46089.76953125,46100.875,21633024.0,,,,,,23214.939453125,23218.3203125,23150.060546875,23152.05078125,0.0,,,,,,,,,,
2022-01-04 03:15:00+00:00,3725.9169921875,3736.52294921875,3725.79150390625,3736.52294921875,39319552.0,,,,,,,,,,,,,,,,,,,,,46092.76953125,46201.7734375,46064.18359375,46183.15625,105789440.0,,,,,,23154.48046875,23207.640625,23146.890625,23192.130859375,0.0,,,,,,,,,,
2022-01-04 03:30:00+00:00,3736.3828125,3742.586669921875,3736.3828125,3742.586669921875,36219904.0,,,,,,,,,,,,,,,,,,,,,46180.72265625,46282.5078125,46180.72265625,46282.5078125,317108224.0,,,,,,23193.869140625,23203.2890625,23174.9296875,23176.490234375,0.0,,,,,,29223.490234375,29263.330078125,29222.140625,29263.330078125,0.0
2022-01-04 03:45:00+00:00,3742.9345703125,3746.282958984375,3742.9345703125,3745.461669921875,69721088.0,,,,,,,,,,,,,,,,,,,,,46286.08203125,46357.2265625,46286.08203125,46344.86328125,82130944.0,,,,,,23175.76953125,23206.689453125,23170.1796875,23205.8203125,0.0,,,,,,29263.51953125,29282.80078125,29234.69921875,29255.169921875,0.0
2022-01-04 04:00:00+00:00,3745.243408203125,3748.814208984375,3740.573486328125,3740.573486328125,37949440.0,,,,,,,,,,,,,,,,,,,,,46337.07421875,46367.7734375,46259.48828125,46260.0390625,9859072.0,,,,,,23206.259765625,23206.259765625,23206.259765625,23206.259765625,0.0,,,,,,29255.94921875,29279.369140625,29250.830078125,29277.2109375,0.0
2022-01-04 04:15:00+00:00,3740.94580078125,3744.52734375,3740.223388671875,3744.08935546875,118228992.0,,,,,,,,,,,,,,,,,,,,,46264.90625,46303.8359375,46246.79296875,46303.8359375,156567552.0,,,,,,,,,,,,,,,,29275.439453125,29286.640625,29269.7890625,29271.439453125,0.0
2022-01-04 04:30:00+00:00,3744.0048828125,3748.581298828125,3738.56201171875,3738.56201171875,15298560.0,,,,,,,,,,,,,,,,,,,,,46304.08984375,46369.71484375,46171.9765625,46171.9765625,255514624.0,,,,,,,,,,,,,,,,29271.2109375,29297.419921875,29270.359375,29294.5390625,0.0
2022-01-04 04:45:00+00:00,3739.58935546875,3741.6171875,3735.1318359375,3735.83447265625,10769408.0,,,,,,,,,,,,,,,,,,,,,46185.81640625,46206.8046875,46116.91796875,46150.8984375,270596096.0,,,,,,,,,,,,,,,,29295.25,29320.970703125,29295.25,29305.58984375,0.0
2022-01-04 05:00:00+00:00,3735.55810546875,3736.9365234375,3731.79052734375,3736.9365234375,72620032.0,,,,,,,,,,,,,,,,,,,,,46140.44140625,46154.23046875,46092.7109375,46154.23046875,26335232.0,,,,,,23207.1796875,23364.109375,23207.1796875,23351.66015625,0.0,,,,,,29305.619140625,29323.7890625,29300.4296875,29314.5,0.0
2022-01-04 05:15:00+00:00,3737.108154296875,3744.984130859375,3737.108154296875,3744.984130859375,69471232.0,,,,,,,,,,,,,,,,,,,,,46168.32421875,46266.1328125,46155.16796875,46266.1328125,357490688.0,,,,,,23352.240234375,23357.609375,23321.5390625,23324.0,0.0,,,,,,29314.05078125,29318.990234375,29306.169921875,29314.80078125,0.0
2022-01-04 05:30:00+00:00,3745.59375,3745.59375,3739.288330078125,3739.288330078125,0.0,,,,,,,,,,,,,,,,,,,,,46267.19921875,46271.44140625,46139.88671875,46140.1796875,0.0,,,,,,23326.740234375,23327.080078125,23283.9296875,23303.0390625,0.0,,,,,,29314.91015625,29315.609375,29281.849609375,29304.439453125,0.0
2022-01-04 05:45:00+00:00,3738.951171875,3739.368896484375,3734.5419921875,3739.368896484375,119797760.0,,,,,,,,,,,,,,,,,,,,,46138.1015625,46155.20703125,46105.77734375,46155.01953125,171223040.0,,,,,,23300.919921875,23316.400390625,23292.80078125,23292.80078125,0.0,,,,,,29303.890625,29310.529296875,29287.119140625,29301.80078125,0.0
2022-01-04 06:00:00+00:00,3739.833251953125,3746.171875,3739.691162109375,3746.091064453125,74975232.0,,,,,,,,,,,,,,,,,,,,,46178.734375,46212.95703125,46157.84375,46211.07421875,66375680.0,,,,,,23294.689453125,23302.439453125,23258.859375,23267.1796875,0.0,,,,,,,,,,
2022-01-04 06:15:00+00:00,3746.03857421875,3746.03857421875,3742.359619140625,3745.56201171875,63949824.0,,,,,,,,,,,,,,,,,,,,,46209.953125,46229.11328125,46168.5859375,46229.11328125,308768768.0,,,,,,23267.0390625,23276.099609375,23251.470703125,23262.119140625,0.0,,,,,,,,,,
2022-01-04 06:30:00+00:00,3746.061279296875,3753.56396484375,3746.061279296875,3753.486083984375,193084416.0,,,,,,,,,,,,,,,,,,,,,46276.12109375,46320.98828125,46276.12109375,46317.97265625,261425152.0,,,,,,23261.94921875,23274.009765625,23245.849609375,23256.1796875,0.0,,,,,,,,,,
2022-01-04 06:45:00+00:00,3753.227294921875,3755.15869140625,3752.113037109375,3755.15869140625,69770240.0,,,,,,,,,,,,,,,,,,,,,46304.625,46366.58203125,46294.40625,46366.58203125,191963136.0,,,,,,23251.810546875,23256.98046875,23223.599609375,23227.669921875,0.0,,,,,,,,,,
2022-01-04 07:00:00+00:00,3755.072509765625,3757.763916015625,3753.04833984375,3753.110595703125,168741888.0,,,,,,,,,,,,,,,,,,,,,46364.921875,46432.90234375,46364.921875,46383.23828125,123398144.0,,,,,,23226.7890625,23227.779296875,23183.130859375,23194.2109375,0.0,,,,,,,,,,
2022-01-04 07:15:00+00:00,3752.596435546875,3757.400634765625,3751.4033203125,3757.400634765625,75682816.0,,,,,,,,,,,,,,,,,,,,,46366.203125,46440.81640625,46364.2421875,46440.81640625,158633984.0,,,,,,23195.490234375,23238.310546875,23191.94921875,23236.890625,0.0,,,,,,,,,,
2022-01-04 07:30:00+00:00,3757.630859375,3759.343505859375,3757.128173828125,3758.46875,110183424.0,,,,,,,,,,,,,,,,,,,,,46460.62109375,46504.4453125,46457.82421875,46504.4453125,226015232.0,,,,,,23233.810546875,23255.69921875,23227.55078125,23251.16015625,0.0,,,,,,,,,,
2022-01-04 07:45:00+00:00,3758.382568359375,3758.802490234375,3755.83544921875,3756.756591796875,16186368.0,,,,,,,,,,,,,,,,,,,,,46507.41015625,46520.62109375,46475.78125,46490.25,116355072.0,,,,,,23250.3203125,23277.05078125,23238.720703125,23272.580078125,0.0,,,,,,,,,,
2022-01-04 08:00:00+00:00,3757.251708984375,3771.81591796875,3757.251708984375,3771.81591796875,85455872.0,,,,,,7384.5400390625,7467.18017578125,7384.5400390625,7457.39013671875,0.0,,,,,,,,,,,46496.80859375,46608.890625,46496.80859375,46596.296875,745656320.0,,,,,,23270.259765625,23289.83984375,23270.259765625,23289.83984375,0.0,,,,,,,,,,
2022-01-04 08:15:00+00:00,3771.7060546875,3772.978515625,3767.78076171875,3768.90771484375,114742272.0,,,,,,7457.27001953125,7471.22998046875,7457.10986328125,7465.89013671875,0.0,,,,,,,,,,,46597.4921875,46612.78515625,46533.26953125,46557.7265625,101855232.0,,,,,,,,,,,,,,,,,,,,
2022-01-04 08:30:00+00:00,3768.589599609375,3773.927490234375,3768.589599609375,3772.68017578125,133861376.0,,,,,,7465.93017578125,7480.14013671875,7463.64013671875,7480.14013671875,0.0,,,,,,,,,,,46553.859375,46583.234375,46546.76171875,46564.74609375,209391616.0,,,,,,,,,,,,,,,,,,,,
2022-01-04 08:45:00+00:00,3772.486572265625,3772.486572265625,3766.39697265625,3767.740478515625,83445760.0,,,,,,7480.1298828125,7485.56982421875,7476.18994140625,7483.2998046875,0.0,,,,,,,,,,,46560.99609375,46560.99609375,46478.40625,46492.33203125,98959360.0,,,,,,,,,,,,,,,,,,,,
2022-01-04 09:00:00+00:00,3767.78076171875,3773.55224609375,3767.583740234375,3773.027099609375,15251456.0,,,,,,7483.25,7484.2099609375,7474.5400390625,7480.14013671875,0.0,,,,,,,,,,,46494.37109375,46586.55859375,46494.37109375,46580.04296875,64786432.0,,,,,,,,,,,,,,,,,,,,
2022-01-04 09:15:00+00:00,3773.30224609375,3773.963623046875,3771.423583984375,3771.423583984375,26831872.0,,,,,,7480.2001953125,7481.02978515625,7476.009765625,7476.08984375,0.0,,,,,,,,,,,46581.27734375,46581.27734375,46482.7109375,46482.7109375,191967232.0,,,,,,,,,,,,,,,,,,,,
2022-01-04 09:30:00+00:00,3771.244873046875,3771.4052734375,3768.3037109375,3768.849609375,110862336.0,,,,,,7476.08984375,7476.9599609375,7464.4599609375,7475.14990234375,0.0,,,,,,,,,,,46478.87890625,46478.87890625,46385.48828125,46388.953125,54198272.0,,,,,,,,,,,,,,,,,,,,
2022-01-04 09:45:00+00:00,3768.719482421875,3768.719482421875,3766.4306640625,3766.650634765625,150195200.0,,,,,,7475.08984375,7475.8798828125,7469.669921875,7471.97998046875,0.0,,,,,,,,,,,46392.2109375,46411.46484375,46368.39453125,46368.55078125,119861248.0,,,,,,,,,,,,,,,,,,,,
2022-01-04 10:00:00+00:00,3766.625732421875,3767.347412109375,3765.0517578125,3765.119384765625,33632256.0,,,,,,7472.02001953125,7478.0400390625,7472.02001953125,7475.7099609375,0.0,,,,,,,,,,,46369.8203125,46383.03515625,46348.109375,46356.79296875,62259200.0,,,,,,,,,,,,,,,,,,,,
2022-01-04 10:15:00+00:00,3766.792236328125,3777.81787109375,3766.792236328125,3777.81787109375,144024576.0,,,,,,7475.66015625,7478.72998046875,7472.72998046875,7476.60009765625,0.0,,,,,,,,,,,46361.48046875,46500.7890625,46361.48046875,46500.7890625,32923648.0,,,,,,,,,,,,,,,,,,,,
2022-01-04 10:30:00+00:00,3778.698974609375,3783.142333984375,3778.698974609375,3780.48291015625,10665984.0,,,,,,7476.6298828125,7482.83984375,7476.39013671875,7482.830078125,0.0,,,,,,,,,,,46508.16796875,46558.05859375,46489.90234375,46496.85546875,4374528.0,,,,,,,,,,,,,,,,,,,,
2022-01-04 10:45:00+00:00,3782.8173828125,3801.714111328125,3782.8173828125,3801.673095703125,267992064.0,,,,,,7482.77978515625,7483.64013671875,7475.77001953125,7478.02001953125,0.0,,,,,,,,,,,46529.8046875,46680.30078125,46529.8046875,46676.80078125,448243712.0,,,,,,,,,,,,,,,,,,,,
2022-01-04 11:00:00+00:00,3801.692138671875,3815.7197265625,3800.739013671875,3814.15185546875,229302272.0,,,,,,7478.10009765625,7484.08984375,7476.240234375,7480.509765625,0.0,,,,,,,,,,,46677.640625,46715.0078125,46646.0234375,46674.25,44670976.0,,,,,,,,,,,,,,,,,,,,
2022-01-04 11:15:00+00:00,3814.0302734375,3818.30126953125,3813.74072265625,3813.75927734375,142827520.0,,,,,,7480.5,7482.22021484375,7479.080078125,7479.7099609375,0.0,,,,,,,,,,,46684.2421875,46724.97265625,46683.67578125,46683.67578125,231358464.0,,,,,,,,,,,,,,,,,,,,
2022-01-04 11:30:00+00:00,3813.761474609375,3821.9423828125,3811.919921875,3821.9423828125,65858560.0,,,,,,7479.81005859375,7486.240234375,7479.81005859375,7483.10009765625,0.0,,,,,,,,,,,46684.44921875,46722.73828125,46660.63671875,46722.73828125,124760064.0,,,,,,,,,,,,,,,,,,,,
2022-01-04 11:45:00+00:00,3822.49755859375,3827.490234375,3821.218505859375,3827.490234375,193452032.0,,,,,,7483.06005859375,7485.7001953125,7480.97021484375,7481.31982421875,0.0,,,,,,,,,,,46725.2421875,46727.8984375,46689.5859375,46720.56640625,213774336.0,,,,,,,,,,,,,,,,,,,,
2022-01-04 12:00:00+00:00,3827.630126953125,3828.28271484375,3822.4873046875,3822.4873046875,39052288.0,,,,,,7481.240234375,7488.60009765625,7480.89990234375,7488.22998046875,0.0,,,,,,,,,,,46720.2109375,46720.3984375,46627.75,46627.75,0.0,,,,,,,,,,,,,,,,,,,,
2022-01-04 12:15:00+00:00,3822.609619140625,3822.609619140625,3817.254150390625,3817.494873046875,51527680.0,,,,,,7488.25,7490.9599609375,7487.47021484375,7487.60986328125,0.0,,,,,,,,,,,46631.37890625,46639.65625,46575.26953125,46583.69140625,0.0,,,,,,,,,,,,,,,,,,,,
2022-01-04 12:30:00+00:00,3817.2900390625,3820.19384765625,3817.06689453125,3817.82666015625,176746496.0,,,,,,7487.60009765625,7490.3798828125,7485.490234375,7488.8701171875,0.0,,,,,,,,,,,46575.859375,46587.34375,46517.10546875,46520.5390625,210026496.0,,,,,,,,,,,,,,,,,,,,
2022-01-04 12:45:00+00:00,3818.326904296875,3823.06591796875,3818.30029296875,3823.06591796875,13309952.0,,,,,,7488.830078125,7490.9599609375,7487.9501953125,7490.830078125,0.0,,,,,,,,,,,46526.6328125,46588.8125,46526.6328125,46588.8125,233865216.0,,,,,,,,,,,,,,,,,,,,
2022-01-04 13:00:00+00:00,3825.54150390625,3825.94482421875,3820.166259765625,3820.166259765625,148028416.0,,,,,,7490.919921875,7493.75,7489.16015625,7493.27978515625,0.0,,,,,,,,,,,46602.96484375,46630.40625,46548.7578125,46548.7578125,0.0,,,,,,,,,,,,,,,,,,,,
2022-01-04 13:15:00+00:00,3819.7939453125,3825.68603515625,3816.572509765625,3825.68603515625,31523840.0,,,,,,7493.2099609375,7494.4501953125,7491.4599609375,7493.68017578125,0.0,1.3849999904632568,1.3949999809265137,1.3849999904632568,1.3880000114440918,0.0,,,,,,46545.58203125,46679.0390625,46475.77734375,46679.0390625,151834624.0,2.0490000247955322,2.070000171661377,2.0490000247955322,2.069000005722046,0.0,,,,,,1.6629998683929443,1.6790001392364502,1.6629998683929443,1.6749999523162842,0.0,,,,,
2022-01-04 13:30:00+00:00,3830.57373046875,3838.462890625,3830.17138671875,3838.453125,139610112.0,,,,,,7493.77978515625,7493.9501953125,7488.52001953125,7492.85009765625,0.0,1.3919999599456787,1.3980000019073486,1.3849999904632568,1.3849999904632568,0.0,,,,,,46707.73046875,46832.06640625,46707.73046875,46821.56640625,417574912.0,2.072000026702881,2.072000026702881,2.05400013923645,2.058000087738037,0.0,,,,,,1.6790001392364502,1.680999994277954,1.6670000553131104,1.6670000553131104,0.0,,,,,
2022-01-04 13:45:00+00:00,3838.527099609375,3855.18505859375,3837.702392578125,3855.18505859375,420186112.0,,,,,,7492.75,7493.990234375,7491.6201171875,7492.990234375,0.0,1.3849999904632568,1.3899999856948853,1.375,1.378999948501587,0.0,,,,,,46825.265625,46950.58203125,46824.0,46924.4375,531034112.0,2.058000087738037,2.059999942779541,2.047999858856201,2.0510001182556152,0.0,,,,,,1.6670000553131104,1.6719999313354492,1.6559998989105225,1.6600000858306885,0.0,,,,,
2022-01-04 14:00:00+00:00,3855.029052734375,3861.534912109375,3854.982421875,3854.982421875,46576640.0,,,,,,7493.0400390625,7497.39990234375,7488.2998046875,7497.169921875,0.0,1.378999948501587,1.3869999647140503,1.375,1.3849999904632568,0.0,,,,,,46930.74609375,46942.84375,46881.19140625,46896.26953125,106770432.0,2.052000045776367,2.065999984741211,2.0490000247955322,2.065999984741211,0.0,,,,,,1.6600000858306885,1.6719999313354492,1.6559998989105225,1.6700000762939453,0.0,,,,,
2022-01-04 14:15:00+00:00,3854.83642578125,3854.83642578125,3852.18310546875,3853.893798828125,58230784.0,,,,,,7497.18017578125,7501.2001953125,7497.02001953125,7498.68017578125,0.0,1.3869999647140503,1.3930000066757202,1.3830000162124634,1.3869999647140503,0.0,,,,,,46896.01171875,46918.9609375,46849.08984375,46869.96484375,32382976.0,2.066999912261963,2.072000026702881,2.065999984741211,2.072000026702881,0.0,,,,,,1.6719999313354492,1.6770000457763672,1.6700000762939453,1.6770000457763672,0.0,,,,,
2022-01-04 14:30:00+00:00,3854.27490234375,3859.168212890625,3854.138427734375,3859.168212890625,6497280.0,16.600000381469727,16.739999771118164,16.5,16.719999313354492,0.0,7498.7001953125,7508.60009765625,7497.81982421875,7502.10986328125,0.0,1.3849999904632568,1.3869999647140503,1.3799999952316284,1.3799999952316284,0.0,4804.509765625,4818.6201171875,4804.509765625,4815.89013671875,110839327.0,46873.62109375,46997.48046875,46873.62109375,46997.48046875,241537024.0,2.070000171661377,2.072999954223633,2.063999891281128,2.069000005722046,0.0,,,,,,1.6740000247955322,1.6749999523162842,1.6679999828338623,1.6719999313354492,0.0,,,,,
2022-01-04 14:45:00+00:00,3859.138427734375,3875.885498046875,3859.138427734375,3874.338134765625,428344320.0,16.719999313354492,16.850000381469727,16.670000076293945,16.829999923706055,0.0,7502.1298828125,7516.06982421875,7501.9599609375,7513.75,0.0,1.378999948501587,1.3849999904632568,1.377000093460083,1.3799999952316284,0.0,4815.919921875,4817.85009765625,4811.4501953125,4814.85986328125,135688092.0,47001.90234375,47346.37109375,47001.90234375,47321.53125,1795297280.0,2.068000078201294,2.075000047683716,2.061000108718872,2.061000108718872,0.0,,,,,,1.6700000762939453,1.6749999523162842,1.6670000553131104,1.6670000553131104,0.0,,,,,
2022-01-04 15:00:00+00:00,3874.12255859375,3876.78515625,3873.37548828125,3874.09326171875,28172288.0,16.829999923706055,16.979999542236328,16.790000915527344,16.940000534057617,0.0,7513.81982421875,7514.4599609375,7501.27001953125,7510.60009765625,0.0,1.3799999952316284,1.3830000162124634,1.3669999837875366,1.3739999532699585,0.0,4815.56982421875,4815.56982421875,4808.3798828125,4809.5498046875,124843210.0,47318.97265625,47396.6015625,47315.41015625,47359.02734375,809005056.0,2.063999891281128,2.0829999446868896,2.052999973297119,2.0809998512268066,0.0,,,,,,1.6670000553131104,1.6740000247955322,1.6540000438690186,1.6700000762939453,0.0,,,,,
2022-01-04 15:15:00+00:00,3873.977783203125,3873.977783203125,3865.182861328125,3865.258544921875,37188608.0,16.940000534057617,17.049999237060547,16.799999237060547,16.799999237060547,0.0,7510.5498046875,7520.18017578125,7507.22998046875,7520.18017578125,0.0,1.3739999532699585,1.377000093460083,1.3650000095367432,1.3669999837875366,0.0,4809.58984375,4813.259765625,4805.6298828125,4813.22998046875,110095080.0,47348.54296875,47406.546875,47284.35546875,47284.35546875,392159232.0,2.0820000171661377,2.0870001316070557,2.069000005722046,2.070000171661377,0.0,,,,,,1.6719999313354492,1.6749999523162842,1.6579999923706055,1.6600000858306885,0.0,,,,,
2022-01-04 15:30:00+00:00,3865.900634765625,3868.9013671875,3860.458251953125,3860.458251953125,24361984.0,16.770000457763672,17.059999465942383,16.729999542236328,17.059999465942383,0.0,7520.16015625,7520.7900390625,7510.9599609375,7511.31982421875,0.0,1.3669999837875366,1.371999979019165,1.3650000095367432,1.36899995803833,0.0,4813.25,4815.22021484375,4801.1201171875,4802.1298828125,119032800.0,47288.58984375,47342.04296875,47157.32421875,47157.32421875,152797184.0,2.072000026702881,2.0789999961853027,2.068000078201294,2.07099986076355,0.0,,,,,,1.6600000858306885,1.6670000553131104,1.6579999923706055,1.6610000133514404,0.0,,,,,
2022-01-04 15:45:00+00:00,3859.330078125,3860.696044921875,3849.524169921875,3849.524169921875,74904576.0,17.030000686645508,17.399999618530273,16.979999542236328,17.389999389648438,0.0,7511.27978515625,7516.93017578125,7509.419921875,7510.7998046875,0.0,1.36899995803833,1.375,1.36899995803833,1.371999979019165,0.0,4802.06982421875,4804.89990234375,4793.02978515625,4793.64990234375,109928788.0,47080.015625,47123.7734375,46966.52734375,46966.52734375,43126784.0,2.07099986076355,2.0899999141693115,2.07099986076355,2.0899999141693115,0.0,,,,,,1.6610000133514404,1.6749999523162842,1.6610000133514404,1.6749999523162842,0.0,,,,,
2022-01-04 16:00:00+00:00,3849.433349609375,3849.433349609375,3844.142578125,3847.551513671875,48678912.0,17.3799991607666,17.809999465942383,17.3799991607666,17.489999771118164,0.0,7510.81982421875,7511.56005859375,7500.68994140625,7505.52001953125,0.0,1.371999979019165,1.3739999532699585,1.3650000095367432,1.3739999532699585,0.0,4793.60009765625,4794.0,4783.3798828125,4789.43017578125,114643390.0,46963.25,46963.25,46825.37109375,46837.99609375,43393024.0,2.0899999141693115,2.0980000495910645,2.0789999961853027,2.0980000495910645,0.0,,,,,,1.6749999523162842,1.6770000457763672,1.6649999618530273,1.6749999523162842,0.0,,,,,
2022-01-04 16:15:00+00:00,3848.97265625,3851.534423828125,3844.2744140625,3844.2744140625,0.0,17.479999542236328,17.790000915527344,17.479999542236328,17.610000610351562,0.0,7505.509765625,7505.7099609375,7491.58984375,7497.419921875,0.0,1.3739999532699585,1.375,1.3700000047683716,1.375,0.0,4789.5,4789.56005859375,4782.6201171875,4787.41015625,86182815.0,46840.875,46840.875,46764.8125,46764.8125,77840384.0,2.0980000495910645,2.0999999046325684,2.0910000801086426,2.0950000286102295,0.0,,,,,,1.6749999523162842,1.6770000457763672,1.6700000762939453,1.6749999523162842,0.0,,,,,
2022-01-04 16:30:00+00:00,3843.3935546875,3852.195556640625,3842.88623046875,3852.195556640625,0.0,17.56999969482422,17.579999923706055,17.260000228881836,17.260000228881836,0.0,,,,,,1.375,1.3869999647140503,1.375,1.3869999647140503,0.0,4787.60986328125,4793.3701171875,4786.83984375,4793.3701171875,86010000.0,46762.79296875,46829.6640625,46722.6875,46823.875,48586752.0,2.0950000286102295,2.1030001640319824,2.0929999351501465,2.1010000705718994,0.0,,,,,,1.6749999523162842,1.686000108718872,1.6749999523162842,1.686000108718872,0.0,,,,,
2022-01-04 16:45:00+00:00,3851.4423828125,3854.61572265625,3851.4423828125,3854.61572265625,1974272.0,17.209999084472656,17.270000457763672,17.049999237060547,17.270000457763672,0.0,,,,,,1.3869999647140503,1.3869999647140503,1.3799999952316284,1.3819999694824219,0.0,4793.3701171875,4797.6201171875,4792.330078125,4792.81005859375,77347000.0,46821.46484375,46864.0859375,46818.7578125,46838.2109375,0.0,2.1010000705718994,2.1010000705718994,2.0910000801086426,2.0910000801086426,0.0,,,,,,1.684000015258789,1.686000108718872,1.680999994277954,1.680999994277954,0.0,,,,,
2022-01-04 17:00:00+00:00,3852.733154296875,3852.733154296875,3846.280517578125,3847.74609375,654336.0,17.260000228881836,17.360000610351562,17.1200008392334,17.1200008392334,0.0,,,,,,1.3830000162124634,1.3869999647140503,1.3819999694824219,1.3819999694824219,0.0,4792.8701171875,4795.06005859375,4789.0400390625,4794.77978515625,70583000.0,46792.34765625,46820.98046875,46769.5078125,46813.1015625,0.0,2.0910000801086426,2.0969998836517334,2.0899999141693115,2.0940001010894775,0.0,,,,,,1.680999994277954,1.686000108718872,1.6790001392364502,1.6790001392364502,0.0,,,,,
2022-01-04 17:15:00+00:00,3848.059326171875,3857.223388671875,3848.059326171875,3852.899658203125,29059072.0,17.1200008392334,17.1200008392334,16.989999771118164,17.0,0.0,,,,,,1.3819999694824219,1.3869999647140503,1.3799999952316284,1.3819999694824219,0.0,4794.830078125,4797.43994140625,4793.419921875,4793.52978515625,63388000.0,46817.52734375,46938.0,46817.52734375,46840.97265625,118517760.0,2.0929999351501465,2.0950000286102295,2.0899999141693115,2.0899999141693115,0.0,,,,,,1.6790001392364502,1.681999921798706,1.6770000457763672,1.680999994277954,0.0,,,,,
2022-01-04 17:30:00+00:00,3852.142333984375,3856.4150390625,3850.874755859375,3856.072509765625,12174336.0,17.010000228881836,17.100000381469727,16.8700008392334,16.940000534057617,0.0,,,,,,1.3819999694824219,1.3849999904632568,1.3819999694824219,1.3830000162124634,0.0,4793.5,4794.18994140625,4790.509765625,4791.14990234375,63696000.0,46818.81640625,46883.49609375,46810.45703125,46883.49609375,27426816.0,2.0910000801086426,2.0950000286102295,2.0899999141693115,2.0899999141693115,0.0,,,,,,1.680999994277954,1.684000015258789,1.680999994277954,1.680999994277954,0.0,,,,,
2022-01-04 17:45:00+00:00,3854.938720703125,3854.938720703125,3847.60791015625,3847.60791015625,418816.0,16.950000762939453,17.200000762939453,16.889999389648438,17.190000534057617,0.0,,,,,,1.3819999694824219,1.3830000162124634,1.3799999952316284,1.3799999952316284,0.0,4791.06982421875,4792.85009765625,4785.02978515625,4785.9501953125,61329000.0,46891.14453125,46891.14453125,46731.078125,46731.078125,0.0,2.0899999141693115,2.0899999141693115,2.0870001316070557,2.0879998207092285,0.0,,,,,,1.680999994277954,1.680999994277954,1.6770000457763672,1.6790001392364502,0.0,,,,,
2022-01-04 18:00:00+00:00,3841.600830078125,3849.23681640625,3841.393798828125,3849.23681640625,24320000.0,17.190000534057617,17.229999542236328,16.959999084472656,17.079999923706055,0.0,,,,,,1.3799999952316284,1.3799999952316284,1.3700000047683716,1.3700000047683716,0.0,4786.14990234375,4790.990234375,4784.43994140625,4787.10986328125,61248000.0,46703.296875,46720.23828125,46620.43359375,46720.23828125,21737472.0,2.0879998207092285,2.0879998207092285,2.0799999237060547,2.0809998512268066,0.0,,,,,,1.6790001392364502,1.6790001392364502,1.6700000762939453,1.6700000762939453,0.0,,,,,
2022-01-04 18:15:00+00:00,3848.826416015625,3848.826416015625,3837.063232421875,3837.063232421875,34069504.0,17.079999923706055,17.219999313354492,17.049999237060547,17.1200008392334,0.0,,,,,,1.3700000047683716,1.378999948501587,1.3700000047683716,1.378999948501587,0.0,4787.06982421875,4788.919921875,4784.14013671875,4786.1298828125,62383000.0,46714.23046875,46714.23046875,46615.08203125,46615.08203125,14659584.0,2.0809998512268066,2.0850000381469727,2.0809998512268066,2.0820000171661377,0.0,,,,,,1.6700000762939453,1.6749999523162842,1.6700000762939453,1.6740000247955322,0.0,,,,,
2022-01-04 18:30:00+00:00,3837.0732421875,3837.0732421875,3801.49072265625,3802.305419921875,311562240.0,17.139999389648438,17.440000534057617,17.139999389648438,17.31999969482422,0.0,,,,,,1.378999948501587,1.3819999694824219,1.377000093460083,1.378999948501587,0.0,4786.08984375,4786.2900390625,4778.330078125,4781.52001953125,59887000.0,46616.06640625,46616.06640625,46044.29296875,46056.05859375,558182400.0,2.0820000171661377,2.0829999446868896,2.0789999961853027,2.0799999237060547,0.0,,,,,,1.6740000247955322,1.6770000457763672,1.6719999313354492,1.6719999313354492,0.0,,,,,
2022-01-04 18:45:00+00:00,3802.18603515625,3802.197265625,3780.942626953125,3780.942626953125,208336896.0,17.309999465942383,17.59000015258789,17.260000228881836,17.559999465942383,0.0,,,,,,1.378999948501587,1.3819999694824219,1.371999979019165,1.371999979019165,0.0,4781.580078125,4782.83984375,4774.27001953125,4774.990234375,52588000.0,46055.296875,46063.3046875,45830.89453125,45834.19140625,3531812864.0,2.0809998512268066,2.0840001106262207,2.075000047683716,2.0759999752044678,0.0,,,,,,1.6740000247955322,1.6749999523162842,1.6670000553131104,1.6670000553131104,0.0,,,,,
2022-01-04 19:00:00+00:00,3779.36767578125,3814.60205078125,3775.6064453125,3814.60205078125,303512576.0,17.559999465942383,17.559999465942383,17.170000076293945,17.170000076293945,0.0,,,,,,1.371999979019165,1.3739999532699585,1.3650000095367432,1.3700000047683716,0.0,4774.9599609375,4781.97998046875,4774.77001953125,4781.97998046875,59376000.0,45811.59765625,46294.95703125,45752.46484375,46294.95703125,900153344.0,2.077000141143799,2.078000068664551,2.0739998817443848,2.075000047683716,0.0,,,,,,1.6670000553131104,1.6679999828338623,1.6600000858306885,1.6649999618530273,0.0,,,,,
2022-01-04 19:15:00+00:00,3815.160400390625,3824.25146484375,3815.160400390625,3821.641357421875,375752704.0,17.149999618530273,17.200000762939453,17.059999465942383,17.170000076293945,0.0,,,,,,1.371999979019165,1.3739999532699585,1.371999979019165,1.371999979019165,0.0,4781.9501953125,4784.0,4781.02001953125,4783.0,60845000.0,46288.1328125,46323.75,46200.421875,46248.87109375,571342848.0,2.075000047683716,2.0840001106262207,2.075000047683716,2.0809998512268066,0.0,,,,,,1.6649999618530273,1.6679999828338623,1.6649999618530273,1.6649999618530273,0.0,,,,,
2022-01-04 19:30:00+00:00,3821.430419921875,3821.799560546875,3811.834228515625,3812.416015625,94542848.0,17.149999618530273,17.149999618530273,16.8799991607666,16.8799991607666,0.0,,,,,,1.371999979019165,1.371999979019165,1.3669999837875366,1.3700000047683716,0.0,4783.0498046875,4790.8798828125,4782.9599609375,4790.7900390625,63678000.0,46244.56640625,46246.18359375,46135.109375,46166.73046875,62627840.0,2.0809998512268066,2.0850000381469727,2.0759999752044678,2.077000141143799,0.0,,,,,,1.6670000553131104,1.6670000553131104,1.6610000133514404,1.6649999618530273,0.0,,,,,
2022-01-04 19:45:00+00:00,3812.025146484375,3812.66064453125,3805.71826171875,3806.301025390625,57342976.0,16.8700008392334,16.889999389648438,16.75,16.760000228881836,0.0,,,,,,1.3700000047683716,1.378999948501587,1.3700000047683716,1.375,0.0,4790.7998046875,4793.27001953125,4789.759765625,4791.830078125,61760000.0,46164.921875,46164.921875,46021.13671875,46021.13671875,106291200.0,2.0759999752044678,2.0840001106262207,2.075000047683716,2.077000141143799,0.0,,,,,,1.6629998683929443,1.6719999313354492,1.6629998683929443,1.6679999828338623,0.0,,,,,
2022-01-04 20:00:00+00:00,3806.7763671875,3811.570068359375,3804.20654296875,3809.792236328125,107752448.0,16.75,16.75,16.559999465942383,16.59000015258789,0.0,,,,,,,,,,,4791.7900390625,4797.47998046875,4791.7001953125,4796.85986328125,67560000.0,46025.08203125,46167.24609375,46025.08203125,46167.24609375,151199744.0,,,,,,,,,,,,,,,,,,,,
2022-01-04 20:15:00+00:00,3811.4912109375,3821.234130859375,3811.4912109375,3821.234130859375,27574272.0,16.600000381469727,16.610000610351562,16.459999084472656,16.520000457763672,0.0,,,,,,,,,,,4796.85009765625,4800.83984375,4795.31982421875,4800.419921875,86114000.0,46164.234375,46321.73046875,46164.234375,46321.73046875,104554496.0,,,,,,,,,,,,,,,,,,,,
2022-01-04 20:30:00+00:00,3821.85498046875,3823.971923828125,3821.85498046875,3823.569091796875,0.0,16.520000457763672,16.709999084472656,16.520000457763672,16.649999618530273,0.0,,,,,,,,,,,4800.41015625,4802.43017578125,4797.18994140625,4801.64013671875,110557000.0,46334.0703125,46377.8125,46331.5078125,46342.08984375,0.0,,,,,,,,,,,,,,,,,,,,
2022-01-04 20:45:00+00:00,3823.14453125,3824.732421875,3817.949951171875,3818.539306640625,20929536.0,16.649999618530273,16.799999237060547,16.469999313354492,16.770000457763672,0.0,,,,,,,,,,,4801.669921875,4807.64013671875,4793.06005859375,4793.39013671875,268969000.0,46338.34375,46361.86328125,46278.828125,46285.3203125,2428928.0,,,,,,,,,,,,,,,,,,,,
2022-01-04 21:00:00+00:00,3818.85302734375,3818.85302734375,3816.174072265625,3818.302734375,0.0,,,,,,,,,,,,,,,,,,,,,46287.0546875,46287.0546875,46253.078125,46253.078125,1637908480.0,,,,,,,,,,,,,,,,,,,,
2022-01-04 21:15:00+00:00,3818.22802734375,3820.236083984375,3813.324951171875,3820.236083984375,43335680.0,,,,,,,,,,,,,,,,,,,,,46231.765625,46231.765625,46108.97265625,46189.609375,1781489664.0,,,,,,,,,,,,,,,,,,,,
2022-01-04 21:30:00+00:00,3819.770751953125,3822.093017578125,3817.94775390625,3822.093017578125,15864832.0,,,,,,,,,,,,,,,,,,,,,46179.1953125,46217.61328125,46164.70703125,46217.61328125,18817024.0,,,,,,,,,,,,,,,,,,,,
2022-01-04 21:45:00+00:00,3823.287109375,3824.710693359375,3821.3818359375,3823.6171875,26196992.0,,,,,,,,,,,,,,,,,,,,,46234.69921875,46239.125,46208.98828125,46239.125,0.0,,,,,,,,,,,,,,,,,,,,
2022-01-04 22:00:00+00:00,3823.61962890625,3823.61962890625,3820.424072265625,3821.62255859375,0.0,,,,,,,,,,,,,,,,,,,,,46232.51953125,46233.5625,46149.03515625,46149.03515625,0.0,,,,,,,,,,,,,,,,,,,,
2022-01-04 22:15:00+00:00,3821.654541015625,3821.654541015625,3814.765625,3814.765625,23185408.0,,,,,,,,,,,,,,,,,,,,,46131.62109375,46158.05078125,46072.7109375,46072.7109375,0.0,,,,,,,,,,,,,,,,,,,,
2022-01-04 22:30:00+00:00,3816.369384765625,3819.66796875,3816.369384765625,3819.66796875,0.0,,,,,,,,,,,,,,,,,,,,,46078.41796875,46218.1796875,46078.41796875,46218.1796875,61812736.0,,,,,,,,,,,,,,,,,,,,
2022-01-04 22:45:00+00:00,3819.7724609375,3819.7724609375,3812.313232421875,3812.313232421875,0.0,,,,,,,,,,,,,,,,,,,,,46219.1796875,46222.6015625,46131.2578125,46131.2578125,0.0,,,,,,,,,,,,,,,,,,,,
2022-01-04 23:00:00+00:00,3812.568603515625,3814.7353515625,3807.57421875,3807.57421875,0.0,,,,,,,,,,,,,,,,,,,,,46134.84765625,46147.41015625,46035.4296875,46035.4296875,0.0,,,,,,,,,,,,,,,,,,,,
2022-01-04 23:15:00+00:00,3806.680419921875,3806.680419921875,3802.215576171875,3805.605712890625,26149888.0,,,,,,,,,,,,,,,,,,,,,46023.12890625,46023.12890625,45946.0859375,45993.34765625,109862912.0,,,,,,,,,,,,,,,,,,,,
2022-01-04 23:30:00+00:00,3806.438232421875,3808.91259765625,3796.434814453125,3796.434814453125,34938880.0,,,,,,,,,,,,,,,,,,,,,46000.89453125,46028.8203125,45893.63671875,45893.63671875,67018752.0,,,,,,,,,,,,,,,,,,,,
2022-01-04 23:45:00+00:00,3795.58251953125,3798.725341796875,3792.745849609375,3794.08935546875,19844096.0,,,,,,,,,,,,,,,,,,,,,45886.046875,45975.51171875,45858.42578125,45896.5078125,106749952.0,,,,,,,,,,,,,,,,,,,,
2022-01-05 00:00:00+00:00,3794.26904296875,3794.26904296875,3781.238525390625,3790.297119140625,40488960.0,,,,,,,,,,,,,,,,,,,,,45888.55078125,45982.01953125,45829.6875,45975.87109375,530833408.0,,,,,,,,,,,,,,,,29288.80078125,29320.259765625,29250.359375,29286.0,0.0
2022-01-05 00:15:00+00:00,3791.029296875,3798.240478515625,3791.029296875,3794.824951171875,38176768.0,,,,,,,,,,,,,,,,,,,,,46006.7421875,46070.04296875,46006.7421875,46047.95703125,72261632.0,,,,,,,,,,,,,,,,29281.400390625,29329.619140625,29276.19921875,29281.80078125,0.0
2022-01-05 00:30:00+00:00,3794.826171875,3804.89892578125,3793.91259765625,3803.57568359375,30333952.0,,,,,,,,,,,,,,,,,,,,,46047.76171875,46212.25,46047.76171875,46188.1875,1207336960.0,,,,,,,,,,,,,,,,29282.279296875,29290.580078125,29204.44921875,29290.26953125,0.0
2022-01-05 00:45:00+00:00,3803.454833984375,3809.02099609375,3803.454833984375,3809.02099609375,0.0,,,,,,,,,,,,,,,,,,,,,46187.80859375,46268.390625,46187.80859375,46268.390625,104353792.0,,,,,,,,,,,,,,,,29289.859375,29328.94921875,29278.779296875,29328.94921875,0.0
2022-01-05 01:00:00+00:00,3809.122802734375,3810.258056640625,3807.98291015625,3807.98291015625,5826560.0,,,,,,,,,,,,,,,,,,,,,46269.8671875,46290.80859375,46246.421875,46253.59375,24399872.0,,,,,,,,,,,,,,,,29328.2890625,29337.810546875,29268.689453125,29311.859375,0.0
2022-01-05 01:15:00+00:00,3809.353271484375,3811.044921875,3805.760986328125,3805.760986328125,6542336.0,,,,,,,,,,,,,,,,,,,,,46262.5625,46310.296875,46224.26953125,46224.26953125,145477632.0,,,,,,,,,,,,,,,,29311.91015625,29388.16015625,29309.80078125,29325.529296875,0.0
2022-01-05 01:30:00+00:00,3805.821533203125,3805.821533203125,3801.873046875,3803.099365234375,34096128.0,,,,,,,,,,,,,,,,,,,,,46224.33203125,46251.11328125,46206.2734375,46251.11328125,40783872.0,,,,,,23323.76953125,23323.76953125,23143.6796875,23158.98046875,0.0,,,,,,29327.359375,29335.529296875,29299.9296875,29332.5390625,0.0
2022-01-05 01:45:00+00:00,3803.667724609375,3804.8115234375,3799.069091796875,3799.58984375,7821312.0,,,,,,,,,,,,,,,,,,,,,46256.37890625,46256.37890625,46186.36328125,46186.36328125,46010368.0,,,,,,23163.1796875,23185.720703125,23095.33984375,23099.16015625,0.0,,,,,,29332.44921875,29332.9609375,29281.4296875,29299.4296875,0.0
2022-01-05 02:00:00+00:00,3799.139404296875,3801.135009765625,3799.139404296875,3799.486083984375,0.0,,,,,,,,,,,,,,,,,,,,,46185.26171875,46217.18359375,46156.68359375,46217.18359375,17666048.0,,,,,,23097.220703125,23107.890625,23001.55078125,23040.419921875,0.0,,,,,,29300.970703125,29325.44921875,29284.849609375,29301.810546875,0.0
2022-01-05 02:15:00+00:00,3798.917724609375,3805.412353515625,3798.917724609375,3802.171875,9873408.0,,,,,,,,,,,,,,,,,,,,,46215.78125,46313.9765625,46215.78125,46278.22265625,46809088.0,,,,,,23043.130859375,23054.220703125,23002.119140625,23006.869140625,0.0,,,,,,29301.240234375,29322.619140625,29298.150390625,29308.80078125,0.0
2022-01-05 02:30:00+00:00,3802.8330078125,3808.071044921875,3802.8330078125,3808.057373046875,10336256.0,,,,,,,,,,,,,,,,,,,,,46285.94140625,46338.6328125,46285.94140625,46338.6328125,32337920.0,,,,,,23008.419921875,23051.41015625,23000.529296875,23049.259765625,0.0,,,,,,29309.5703125,29313.220703125,29309.5703125,29313.220703125,0.0
2022-01-05 02:45:00+00:00,3808.350830078125,3808.82275390625,3806.616455078125,3806.616455078125,5096448.0,,,,,,,,,,,,,,,,,,,,,46340.1640625,46370.3515625,46340.1640625,46344.4609375,0.0,,,,,,23048.3203125,23200.94921875,23041.55078125,23188.76953125,0.0,,,,,,,,,,
2022-01-05 03:00:00+00:00,3806.740234375,3812.114013671875,3806.132080078125,3812.114013671875,19966976.0,,,,,,,,,,,,,,,,,,,,,46342.83203125,46418.546875,46320.17578125,46418.546875,60739584.0,,,,,,23191.2109375,23201.560546875,23093.119140625,23095.23046875,0.0,,,,,,,,,,
2022-01-05 03:15:00+00:00,3812.190185546875,3819.477294921875,3812.190185546875,3816.3701171875,51568640.0,,,,,,,,,,,,,,,,,,,,,46419.4921875,46469.078125,46419.4921875,46445.76171875,126586880.0,,,,,,23095.470703125,23114.400390625,23082.880859375,23108.560546875,0.0,,,,,,,,,,
2022-01-05 03:30:00+00:00,3815.49755859375,3815.62939453125,3813.425537109375,3813.425537109375,0.0,,,,,,,,,,,,,,,,,,,,,46432.90625,46436.4765625,46416.17578125,46423.34375,0.0,,,,,,23108.9296875,23118.080078125,23085.509765625,23087.490234375,0.0,,,,,,29307.560546875,29332.599609375,29300.779296875,29327.009765625,0.0
2022-01-05 03:45:00+00:00,3814.4150390625,3816.405517578125,3814.37841796875,3814.37841796875,15032320.0,,,,,,,,,,,,,,,,,,,,,46420.60546875,46475.03515625,46419.53125,46425.01171875,32100352.0,,,,,,23087.3203125,23097.33984375,23078.58984375,23094.44921875,0.0,,,,,,29327.75,29334.970703125,29316.470703125,29318.359375,0.0
2022-01-05 04:00:00+00:00,3813.71435546875,3813.71435546875,3809.67578125,3811.385498046875,0.0,,,,,,,,,,,,,,,,,,,,,46420.02734375,46420.02734375,46384.796875,46402.1171875,0.0,,,,,,23092.830078125,23092.830078125,23092.830078125,23092.830078125,0.0,,,,,,29317.560546875,29323.490234375,29303.330078125,29309.009765625,0.0
2022-01-05 04:15:00+00:00,3812.173095703125,3815.431884765625,3812.173095703125,3814.2890625,31031296.0,,,,,,,,,,,,,,,,,,,,,46406.34375,46466.234375,46406.34375,46456.515625,102408192.0,,,,,,,,,,,,,,,,29308.01953125,29319.98046875,29302.01953125,29319.6796875,0.0
2022-01-05 04:30:00+00:00,3814.54443359375,3815.227783203125,3810.31103515625,3811.461669921875,859136.0,,,,,,,,,,,,,,,,,,,,,46464.34375,46464.59375,46377.06640625,46402.01953125,6733824.0,,,,,,,,,,,,,,,,29319.69921875,29319.69921875,29288.099609375,29301.380859375,0.0
2022-01-05 04:45:00+00:00,3811.4521484375,3813.61865234375,3809.826416015625,3809.951416015625,0.0,,,,,,,,,,,,,,,,,,,,,46401.28515625,46427.9765625,46378.13671875,46378.13671875,1468870656.0,,,,,,,,,,,,,,,,29300.220703125,29312.41015625,29289.849609375,29303.5390625,0.0
2022-01-05 05:00:00+00:00,3811.076904296875,3811.076904296875,3807.10693359375,3807.10693359375,2023424.0,,,,,,,,,,,,,,,,,,,,,46403.3828125,46406.9140625,46348.60546875,46348.60546875,0.0,,,,,,23087.939453125,23093.939453125,22998.359375,23038.2109375,0.0,,,,,,29303.890625,29316.58984375,29296.380859375,29316.58984375,0.0
2022-01-05 05:15:00+00:00,3806.707275390625,3808.29150390625,3805.729736328125,3808.29150390625,11780096.0,,,,,,,,,,,,,,,,,,,,,46345.19921875,46345.19921875,46298.48828125,46325.5078125,27373568.0,,,,,,23035.94921875,23055.19921875,22996.91015625,23000.0,0.0,,,,,,29316.669921875,29331.19921875,29307.029296875,29316.099609375,0.0
2022-01-05 05:30:00+00:00,3808.208251953125,3808.208251953125,3803.509765625,3803.84228515625,6127616.0,,,,,,,,,,,,,,,,,,,,,46324.63671875,46334.95703125,46275.5390625,46277.34765625,0.0,,,,,,23001.83984375,23015.009765625,22962.48046875,22991.25,0.0,,,,,,29315.33984375,29348.859375,29315.33984375,29340.0390625,0.0
2022-01-05 05:45:00+00:00,3803.225341796875,3807.191162109375,3803.116455078125,3807.191162109375,2403328.0,,,,,,,,,,,,,,,,,,,,,46277.015625,46332.703125,46277.015625,46332.19921875,7639040.0,,,,,,22989.7109375,23009.05078125,22970.169921875,22999.810546875,0.0,,,,,,29339.05078125,29358.80078125,29339.05078125,29350.66015625,0.0
2022-01-05 06:00:00+00:00,3807.211669921875,3810.05615234375,3804.921875,3810.05615234375,9986048.0,,,,,,,,,,,,,,,,,,,,,46335.45703125,46356.39453125,46306.9296875,46356.39453125,7397376.0,,,,,,23000.359375,23032.890625,22993.94921875,23005.75,0.0,,,,,,,,,,
2022-01-05 06:15:00+00:00,3812.05712890625,3814.2099609375,3812.05712890625,3814.0185546875,30683136.0,,,,,,,,,,,,,,,,,,,,,46369.79296875,46377.140625,46354.56640625,46354.56640625,23592960.0,,,,,,23009.19921875,23027.609375,22991.05078125,22994.5703125,0.0,,,,,,,,,,
2022-01-05 06:30:00+00:00,3813.67138671875,3816.498046875,3813.1611328125,3815.384765625,16685056.0,,,,,,,,,,,,,,,,,,,,,46351.6796875,46403.94921875,46328.46484375,46384.96875,34082816.0,,,,,,22996.23046875,22997.439453125,22972.720703125,22981.650390625,0.0,,,,,,,,,,
2022-01-05 06:45:00+00:00,3815.1865234375,3819.620849609375,3815.1865234375,3819.620849609375,20192256.0,,,,,,,,,,,,,,,,,,,,,46386.58984375,46445.859375,46386.58984375,46445.859375,51044352.0,,,,,,22984.01953125,23025.9609375,22984.01953125,23001.970703125,0.0,,,,,,,,,,
2022-01-05 07:00:00+00:00,3819.568115234375,3820.157958984375,3816.869873046875,3820.157958984375,0.0,,,,,,,,,,,,,,,,,,,,,46447.7734375,46458.75,46438.14453125,46458.75,47697920.0,,,,,,23004.720703125,23019.359375,22982.759765625,22999.390625,0.0,,,,,,,,,,
2022-01-05 07:15:00+00:00,3819.927001953125,3820.6923828125,3816.63720703125,3816.6884765625,26892288.0,,,,,,,,,,,,,,,,,,,,,46455.6953125,46458.17578125,46384.64453125,46386.28125,0.0,,,,,,22996.76953125,22999.060546875,22939.109375,22939.109375,0.0,,,,,,,,,,
2022-01-05 07:30:00+00:00,3817.5185546875,3817.9033203125,3813.5849609375,3813.5849609375,0.0,,,,,,,,,,,,,,,,,,,,,46387.09765625,46407.12890625,46387.09765625,46389.33203125,0.0,,,,,,22940.51953125,22947.8203125,22880.30078125,22880.30078125,0.0,,,,,,,,,,
2022-01-05 07:45:00+00:00,3813.790771484375,3816.884765625,3813.790771484375,3816.32275390625,16186368.0,,,,,,,,,,,,,,,,,,,,,46389.3046875,46413.96484375,46381.01953125,46405.99609375,3817472.0,,,,,,22882.8203125,22903.609375,22851.5,22860.619140625,0.0,,,,,,,,,,
2022-01-05 08:00:00+00:00,3816.356201171875,3816.97119140625,3809.49365234375,3809.49365234375,0.0,,,,,,7505.14990234375,7506.47998046875,7484.2998046875,7497.8798828125,0.0,,,,,,,,,,,46401.5234375,46405.26171875,46338.20703125,46338.20703125,0.0,,,,,,22857.19921875,22907.25,22857.19921875,22907.25,0.0,,,,,,,,,,
2022-01-05 08:15:00+00:00,3809.386474609375,3811.27001953125,3808.896240234375,3811.236328125,490496.0,,,,,,7498.08984375,7507.240234375,7495.72021484375,7503.10009765625,0.0,,,,,,,,,,,46338.24609375,46370.08203125,46310.16796875,46370.08203125,37349376.0,,,,,,,,,,,,,,,,,,,,
2022-01-05 08:30:00+00:00,3811.825439453125,3814.018798828125,3810.0830078125,3814.018798828125,15601664.0,,,,,,7503.22021484375,7506.2998046875,7496.14990234375,7505.66015625,0.0,,,,,,,,,,,46372.45703125,46425.44921875,46362.29296875,46425.44921875,33288192.0,,,,,,,,,,,,,,,,,,,,
2022-01-05 08:45:00+00:00,3814.59814453125,3823.64501953125,3814.59814453125,3821.340087890625,32636928.0,,,,,,7505.6298828125,7509.169921875,7501.91015625,7509.1298828125,0.0,,,,,,,,,,,46483.09375,46599.89453125,46483.09375,46582.99609375,220884992.0,,,,,,,,,,,,,,,,,,,,
2022-01-05 09:00:00+00:00,3822.018798828125,3823.05078125,3820.594482421875,3821.320068359375,16075776.0,,,,,,7509.2099609375,7515.72021484375,7505.97021484375,7515.06005859375,0.0,,,,,,,,,,,46593.09375,46628.1875,46593.09375,46610.08984375,0.0,,,,,,,,,,,,,,,,,,,,
2022-01-05 09:15:00+00:00,3821.80615234375,3826.396728515625,3821.80615234375,3826.396728515625,22669312.0,,,,,,7515.10986328125,7521.85986328125,7514.759765625,7519.3701171875,0.0,,,,,,,,,,,46615.4921875,46771.578125,46615.4921875,46771.578125,124141568.0,,,,,,,,,,,,,,,,,,,,
2022-01-05 09:30:00+00:00,3827.03564453125,3832.294921875,3827.03564453125,3832.294921875,26487808.0,,,,,,7519.43994140625,7523.5400390625,7516.8701171875,7523.14013671875,0.0,,,,,,,,,,,46772.5078125,46825.76171875,46756.44921875,46825.76171875,49811456.0,,,,,,,,,,,,,,,,,,,,
2022-01-05 09:45:00+00:00,3832.99267578125,3834.586669921875,3831.680908203125,3832.75927734375,33134592.0,,,,,,7523.06005859375,7527.27978515625,7520.5498046875,7525.1201171875,0.0,,,,,,,,,,,46831.26953125,46854.4453125,46790.82421875,46792.84375,47792128.0,,,,,,,,,,,,,,,,,,,,
2022-01-05 10:00:00+00:00,3833.1181640625,3841.815185546875,3833.1181640625,3840.318115234375,42897408.0,,,,,,7525.2099609375,7527.18994140625,7520.5,7522.009765625,0.0,,,,,,,,,,,46796.75390625,46929.046875,46796.75390625,46894.66015625,199538688.0,,,,,,,,,,,,,,,,,,,,
2022-01-05 10:15:00+00:00,3840.1220703125,3840.1220703125,3830.6044921875,3831.653076171875,1272832.0,,,,,,7522.009765625,7522.7998046875,7518.60009765625,7522.7998046875,0.0,,,,,,,,,,,46892.26171875,46892.26171875,46754.22265625,46783.86328125,27101184.0,,,,,,,,,,,,,,,,,,,,
2022-01-05 10:30:00+00:00,3831.818115234375,3832.1923828125,3827.66845703125,3828.496826171875,50379776.0,,,,,,7522.7998046875,7525.52001953125,7522.7900390625,7524.91015625,0.0,,,,,,,,,,,46764.984375,46771.4296875,46724.0625,46742.2734375,220123136.0,,,,,,,,,,,,,,,,,,,,
2022-01-05 10:45:00+00:00,3826.228271484375,3827.456298828125,3826.228271484375,3827.4306640625,0.0,,,,,,7524.97021484375,7526.6201171875,7521.72998046875,7521.72998046875,0.0,,,,,,,,,,,46729.734375,46786.22265625,46729.734375,46786.22265625,0.0,,,,,,,,,,,,,,,,,,,,
2022-01-05 11:00:00+00:00,3827.910888671875,3827.910888671875,3818.55908203125,3818.55908203125,0.0,,,,,,7521.7099609375,7522.31005859375,7515.02001953125,7517.2900390625,0.0,,,,,,,,,,,46789.55078125,46818.0546875,46702.859375,46702.859375,0.0,,,,,,,,,,,,,,,,,,,,
2022-01-05 11:15:00+00:00,3818.564453125,3818.564453125,3811.755859375,3811.755859375,0.0,,,,,,7517.240234375,7521.330078125,7515.43994140625,7518.10986328125,0.0,,,,,,,,,,,46689.34375,46691.30859375,46549.8984375,46552.79296875,0.0,,,,,,,,,,,,,,,,,,,,
2022-01-05 11:30:00+00:00,3811.204345703125,3811.204345703125,3797.81005859375,3798.41259765625,5933056.0,,,,,,7518.1201171875,7522.83984375,7518.1201171875,7518.72021484375,0.0,,,,,,,,,,,46545.515625,46545.515625,46320.2890625,46320.2890625,134414336.0,,,,,,,,,,,,,,,,,,,,
2022-01-05 11:45:00+00:00,3794.3056640625,3796.289794921875,3793.64990234375,3794.904541015625,0.0,,,,,,7518.72021484375,7520.43994140625,7516.02001953125,7517.22021484375,0.0,,,,,,,,,,,46278.38671875,46294.69921875,46254.69921875,46266.4921875,51050496.0,,,,,,,,,,,,,,,,,,,,
2022-01-05 12:00:00+00:00,3794.916748046875,3798.59814453125,3789.275146484375,3789.686767578125,0.0,,,,,,7517.0498046875,7520.490234375,7515.9599609375,7517.60986328125,0.0,,,,,,,,,,,46287.78125,46345.26171875,46198.375,46205.25390625,36048896.0,,,,,,,,,,,,,,,,,,,,
2022-01-05 12:15:00+00:00,3790.39208984375,3792.9638671875,3781.404052734375,3783.167724609375,4327424.0,,,,,,7517.5400390625,7518.3701171875,7513.5,7515.06005859375,0.0,,,,,,,,,,,46210.921875,46234.29296875,46116.0,46139.70703125,163035136.0,,,,,,,,,,,,,,,,,,,,
2022-01-05 12:30:00+00:00,3784.482421875,3786.618408203125,3777.13623046875,3778.02587890625,45535232.0,,,,,,7515.0498046875,7520.47998046875,7515.0400390625,7519.39013671875,0.0,,,,,,,,,,,46176.7421875,46176.7421875,46069.65234375,46069.65234375,148697088.0,,,,,,,,,,,,,,,,,,,,
2022-01-05 12:45:00+00:00,3778.4482421875,3789.482421875,3778.4482421875,3789.482421875,92372992.0,,,,,,7519.3798828125,7519.419921875,7512.7900390625,7513.7998046875,0.0,,,,,,,,,,,46074.8984375,46242.82421875,46057.9296875,46242.82421875,276465664.0,,,,,,,,,,,,,,,,,,,,
2022-01-05 13:00:00+00:00,3789.80078125,3794.414306640625,3785.97607421875,3786.451904296875,4577280.0,,,,,,7513.7900390625,7515.93994140625,7512.64990234375,7513.740234375,0.0,,,,,,,,,,,46242.6953125,46270.48828125,46171.26953125,46175.86328125,39491584.0,,,,,,,,,,,,,,,,,,,,
2022-01-05 13:15:00+00:00,3786.65087890625,3802.116943359375,3786.65087890625,3802.116943359375,111769600.0,,,,,,7513.740234375,7522.89013671875,7513.740234375,7521.740234375,0.0,1.3739999532699585,1.378999948501587,1.3739999532699585,1.377000093460083,0.0,,,,,,46175.41796875,46324.37109375,46175.41796875,46324.37109375,181211136.0,2.056999921798706,2.072000026702881,2.056999921798706,2.069000005722046,0.0,,,,,,1.6600000858306885,1.6679999828338623,1.6600000858306885,1.6670000553131104,0.0,,,,,
2022-01-05 13:30:00+00:00,3802.51220703125,3805.55615234375,3802.35546875,3804.917724609375,8183808.0,,,,,,7521.75,7524.22021484375,7519.5,7520.66015625,0.0,1.377000093460083,1.3799999952316284,1.36899995803833,1.36899995803833,0.0,,,,,,46365.12890625,46420.0234375,46345.3515625,46392.10546875,2023424.0,2.069000005722046,2.070000171661377,2.056999921798706,2.056999921798706,0.0,,,,,,1.6649999618530273,1.6679999828338623,1.6540000438690186,1.6540000438690186,0.0,,,,,
2022-01-05 13:45:00+00:00,3804.480224609375,3809.40380859375,3800.8876953125,3809.40380859375,0.0,,,,,,7520.6298828125,7520.6298828125,7516.490234375,7517.68994140625,0.0,1.36899995803833,1.3739999532699585,1.3669999837875366,1.3739999532699585,0.0,,,,,,46386.90234375,46400.05078125,46330.01953125,46400.05078125,0.0,2.058000087738037,2.061000108718872,2.0510001182556152,2.0510001182556152,0.0,,,,,,1.6540000438690186,1.6579999923706055,1.6510000228881836,1.6530001163482666,0.0,,,,,
2022-01-05 14:00:00+00:00,3809.919677734375,3813.81640625,3809.919677734375,3811.50439453125,0.0,,,,,,7517.669921875,7518.4599609375,7510.6298828125,7514.27001953125,0.0,1.3739999532699585,1.377000093460083,1.3700000047683716,1.3739999532699585,0.0,,,,,,46402.4921875,46457.20703125,46398.328125,46418.4765625,0.0,2.0510001182556152,2.055999994277954,2.0510001182556152,2.055999994277954,0.0,,,,,,1.6530001163482666,1.6559998989105225,1.6510000228881836,1.6540000438690186,0.0,,,,,
2022-01-05 14:15:00+00:00,3811.949951171875,3812.600341796875,3805.944580078125,3807.378173828125,0.0,,,,,,7514.31982421875,7514.93994140625,7510.759765625,7511.2900390625,0.0,1.3739999532699585,1.377000093460083,1.371999979019165,1.3739999532699585,0.0,,,,,,46422.1953125,46422.1953125,46332.984375,46378.23046875,19849216.0,2.054999828338623,2.055999994277954,2.0510001182556152,2.0510001182556152,0.0,,,,,,1.6540000438690186,1.6540000438690186,1.6489999294281006,1.6489999294281006,0.0,,,,,
2022-01-05 14:30:00+00:00,3807.57958984375,3815.448486328125,3801.054931640625,3812.80810546875,174424064.0,17.170000076293945,17.559999465942383,16.950000762939453,17.229999542236328,0.0,7511.35009765625,7520.60986328125,7510.240234375,7515.93994140625,0.0,1.371999979019165,1.375,1.3700000047683716,1.3739999532699585,0.0,4787.990234375,4793.0498046875,4778.419921875,4786.3798828125,99790506.0,46394.86328125,46546.75390625,46305.0703125,46492.70703125,227006464.0,2.0510001182556152,2.061000108718872,2.0510001182556152,2.061000108718872,0.0,,,,,,1.6489999294281006,1.6559998989105225,1.6469999551773071,1.6559998989105225,0.0,,,,,
2022-01-05 14:45:00+00:00,3811.81103515625,3814.670654296875,3797.861083984375,3814.670654296875,48870400.0,17.15999984741211,17.290000915527344,16.940000534057617,16.959999084472656,0.0,7516.0,7525.52978515625,7515.5,7525.52978515625,0.0,1.3739999532699585,1.375,1.36899995803833,1.3700000047683716,0.0,4786.2998046875,4791.85986328125,4780.9501953125,4790.4501953125,130219911.0,46365.953125,46571.2421875,46271.93359375,46571.2421875,34840576.0,2.059000015258789,2.062999963760376,2.055999994277954,2.059000015258789,0.0,,,,,,1.6540000438690186,1.6559998989105225,1.6510000228881836,1.6530001163482666,0.0,,,,,
2022-01-05 15:00:00+00:00,3816.02197265625,3820.97802734375,3812.921142578125,3812.921142578125,18498560.0,16.950000762939453,17.100000381469727,16.889999389648438,16.950000762939453,0.0,7525.4501953125,7528.72998046875,7523.31982421875,7526.490234375,0.0,1.3700000047683716,1.378999948501587,1.36899995803833,1.377000093460083,0.0,4789.85009765625,4791.9599609375,4785.43994140625,4787.35009765625,103522157.0,46690.3359375,46724.42578125,46607.2109375,46608.08203125,0.0,2.059000015258789,2.061000108718872,2.055999994277954,2.059000015258789,0.0,,,,,,1.6530001163482666,1.6579999923706055,1.6510000228881836,1.6559998989105225,0.0,,,,,
2022-01-05 15:15:00+00:00,3812.729248046875,3817.951416015625,3811.39892578125,3817.951416015625,94671872.0,16.959999084472656,16.959999084472656,16.579999923706055,16.760000228881836,0.0,7526.5400390625,7529.97021484375,7521.56982421875,7523.97021484375,0.0,1.377000093460083,1.377000093460083,1.371999979019165,1.375,0.0,4787.6201171875,4797.7001953125,4787.52001953125,4795.22021484375,96686332.0,46602.0546875,46674.24609375,46568.578125,46674.24609375,195366912.0,2.059000015258789,2.059000015258789,2.0510001182556152,2.052999973297119,0.0,,,,,,1.6559998989105225,1.6559998989105225,1.6489999294281006,1.6530001163482666,0.0,,,,,
2022-01-05 15:30:00+00:00,3818.481689453125,3818.924560546875,3811.022705078125,3811.340087890625,0.0,16.760000228881836,16.959999084472656,16.760000228881836,16.81999969482422,0.0,7523.7099609375,7523.7099609375,7516.490234375,7518.97998046875,0.0,1.375,1.3840000629425049,1.375,1.3819999694824219,0.0,4795.2001953125,4795.2001953125,4787.259765625,4790.08984375,101999846.0,46694.38671875,46694.38671875,46541.30078125,46545.796875,50532352.0,2.052999973297119,2.062999963760376,2.052999973297119,2.056999921798706,0.0,,,,,,1.6530001163482666,1.6610000133514404,1.6510000228881836,1.6559998989105225,0.0,,,,,
2022-01-05 15:45:00+00:00,3811.5263671875,3819.957275390625,3810.77294921875,3819.957275390625,20362240.0,16.799999237060547,16.93000030517578,16.770000457763672,16.809999465942383,0.0,7518.93994140625,7521.2001953125,7517.97998046875,7519.47021484375,0.0,1.3819999694824219,1.3849999904632568,1.378999948501587,1.3840000629425049,0.0,4790.2001953125,4790.81982421875,4787.16015625,4790.22998046875,85799839.0,46548.21875,46589.5546875,46487.828125,46589.5546875,0.0,2.058000087738037,2.065999984741211,2.058000087738037,2.062000036239624,0.0,,,,,,1.6579999923706055,1.6649999618530273,1.6579999923706055,1.6629998683929443,0.0,,,,,
2022-01-05 16:00:00+00:00,3820.16748046875,3820.507568359375,3808.615234375,3808.615234375,0.0,16.790000915527344,17.200000762939453,16.760000228881836,17.049999237060547,0.0,7519.4501953125,7521.68017578125,7518.81982421875,7520.259765625,0.0,1.3840000629425049,1.3919999599456787,1.3840000629425049,1.3919999599456787,0.0,4790.58984375,4791.43994140625,4782.7001953125,4786.89990234375,78965168.0,46597.08984375,46605.73046875,46465.3515625,46465.3515625,0.0,2.062000036239624,2.068000078201294,2.059999942779541,2.068000078201294,0.0,,,,,,1.6629998683929443,1.6700000762939453,1.6629998683929443,1.6700000762939453,0.0,,,,,
2022-01-05 16:15:00+00:00,3809.337158203125,3815.423828125,3809.337158203125,3815.423828125,0.0,17.020000457763672,17.020000457763672,16.93000030517578,16.950000762939453,0.0,7520.169921875,7522.60009765625,7516.10986328125,7518.9599609375,0.0,1.3919999599456787,1.399999976158142,1.3899999856948853,1.399999976158142,0.0,4786.9599609375,4789.759765625,4786.25,4789.759765625,71559171.0,46471.0078125,46581.70703125,46471.0078125,46581.70703125,0.0,2.068000078201294,2.075000047683716,2.065000057220459,2.0739998817443848,0.0,,,,,,1.6700000762939453,1.6770000457763672,1.6700000762939453,1.6770000457763672,0.0,,,,,
2022-01-05 16:30:00+00:00,3815.732177734375,3817.9150390625,3805.37548828125,3805.37548828125,3556352.0,16.920000076293945,17.149999618530273,16.899999618530273,17.1299991607666,0.0,,,,,,1.399999976158142,1.4010000228881836,1.3930000066757202,1.3930000066757202,0.0,4789.919921875,4790.419921875,4781.39013671875,4781.9599609375,69696318.0,46619.36328125,46619.36328125,46463.390625,46463.390625,0.0,2.0739998817443848,2.0829999446868896,2.0739998817443848,2.0809998512268066,0.0,,,,,,1.6770000457763672,1.680999994277954,1.6740000247955322,1.6770000457763672,0.0,,,,,
2022-01-05 16:45:00+00:00,3805.4228515625,3805.4228515625,3797.390380859375,3797.51220703125,3262464.0,17.149999618530273,17.190000534057617,17.100000381469727,17.139999389648438,0.0,,,,,,1.3930000066757202,1.3970000743865967,1.3880000114440918,1.3899999856948853,0.0,4781.97998046875,4783.77978515625,4780.68994140625,4783.009765625,58100780.0,46464.2265625,46464.2265625,46344.4375,46345.828125,14825472.0,2.0820000171661377,2.0899999141693115,2.0809998512268066,2.0829999446868896,0.0,,,,,,1.6770000457763672,1.681999921798706,1.6740000247955322,1.6749999523162842,0.0,,,,,
2022-01-05 17:00:00+00:00,3796.824462890625,3804.04443359375,3796.824462890625,3804.0361328125,19301376.0,17.1299991607666,17.18000030517578,17.020000457763672,17.059999465942383,0.0,,,,,,1.3880000114440918,1.3970000743865967,1.3880000114440918,1.3970000743865967,0.0,4782.919921875,4786.3701171875,4781.2900390625,4786.080078125,57902000.0,46341.578125,46461.0703125,46333.65625,46423.69140625,54470656.0,2.0850000381469727,2.0879998207092285,2.0840001106262207,2.0870001316070557,0.0,,,,,,1.6749999523162842,1.6790001392364502,1.6740000247955322,1.6790001392364502,0.0,,,,,
2022-01-05 17:15:00+00:00,3803.53076171875,3803.53076171875,3796.817626953125,3799.57275390625,6016000.0,17.020000457763672,17.040000915527344,16.729999542236328,16.75,0.0,,,,,,1.3970000743865967,1.399999976158142,1.3949999809265137,1.399999976158142,0.0,4786.4501953125,4789.89990234375,4785.81005859375,4789.0400390625,63132000.0,46413.390625,46415.83203125,46296.6875,46360.22265625,65927168.0,2.0870001316070557,2.0920000076293945,2.0840001106262207,2.0910000801086426,0.0,,,,,,1.6790001392364502,1.684000015258789,1.6770000457763672,1.684000015258789,0.0,,,,,
2022-01-05 17:30:00+00:00,3799.36865234375,3800.645263671875,3789.14697265625,3789.866943359375,31861760.0,16.739999771118164,17.200000762939453,16.739999771118164,17.200000762939453,0.0,,,,,,1.399999976158142,1.4010000228881836,1.3949999809265137,1.399999976158142,0.0,4788.990234375,4789.009765625,4778.7001953125,4779.7099609375,69063000.0,46371.75,46371.75,46182.046875,46214.96875,42110976.0,2.0910000801086426,2.0929999351501465,2.0870001316070557,2.0910000801086426,0.0,,,,,,1.684000015258789,1.686000108718872,1.6790001392364502,1.684000015258789,0.0,,,,,
2022-01-05 17:45:00+00:00,3789.18701171875,3792.14111328125,3787.39697265625,3787.587890625,77448192.0,17.190000534057617,17.3700008392334,17.190000534057617,17.270000457763672,0.0,,,,,,1.399999976158142,1.4010000228881836,1.3930000066757202,1.3949999809265137,0.0,4779.68994140625,4780.06005859375,4776.52001953125,4776.91015625,62494000.0,46194.1328125,46238.82421875,46178.41796875,46192.41796875,223811584.0,2.0929999351501465,2.0929999351501465,2.0840001106262207,2.0850000381469727,0.0,,,,,,1.684000015258789,1.686000108718872,1.6790001392364502,1.680999994277954,0.0,,,,,
2022-01-05 18:00:00+00:00,,,,,,17.270000457763672,17.559999465942383,17.270000457763672,17.5,0.0,,,,,,1.3949999809265137,1.3949999809265137,1.3919999599456787,1.3919999599456787,0.0,4776.91015625,4777.64013671875,4770.7900390625,4772.990234375,65161000.0,,,,,,2.0850000381469727,2.0879998207092285,2.0850000381469727,2.0859999656677246,0.0,,,,,,1.680999994277954,1.681999921798706,1.6790001392364502,1.6790001392364502,0.0,,,,,
2022-01-05 18:15:00+00:00,,,,,,17.510000228881836,17.510000228881836,17.280000686645508,17.299999237060547,0.0,,,,,,1.3919999599456787,1.3970000743865967,1.3919999599456787,1.3949999809265137,0.0,4773.009765625,4777.5,4773.009765625,4775.8798828125,57270000.0,,,,,,2.0859999656677246,2.0899999141693115,2.0850000381469727,2.0850000381469727,0.0,,,,,,1.6790001392364502,1.681999921798706,1.6790001392364502,1.6790001392364502,0.0,,,,,
2022-01-05 18:30:00+00:00,,,,,,17.309999465942383,17.31999969482422,17.200000762939453,17.260000228881836,0.0,,,,,,1.3949999809265137,1.3949999809265137,1.3919999599456787,1.3930000066757202,0.0,4775.8798828125,4778.47021484375,4774.419921875,4776.3798828125,49176000.0,,,,,,2.0850000381469727,2.0870001316070557,2.0820000171661377,2.0840001106262207,0.0,,,,,,1.6790001392364502,1.680999994277954,1.6770000457763672,1.6790001392364502,0.0,,,,,
2022-01-05 18:45:00+00:00,,,,,,17.260000228881836,17.3799991607666,17.239999771118164,17.329999923706055,0.0,,,,,,1.3930000066757202,1.4049999713897705,1.3930000066757202,1.4049999713897705,0.0,4776.3798828125,4777.27001953125,4773.85986328125,4775.8701171875,49152000.0,,,,,,2.0840001106262207,2.0929999351501465,2.0829999446868896,2.0929999351501465,0.0,,,,,,1.6790001392364502,1.688999891281128,1.6790001392364502,1.688999891281128,0.0,,,,,
2022-01-05 19:00:00+00:00,,,,,,17.25,18.1200008392334,16.93000030517578,18.040000915527344,0.0,,,,,,1.4049999713897705,1.437000036239624,1.399999976158142,1.4279999732971191,0.0,4775.77978515625,4786.08984375,4753.1201171875,4756.22998046875,84208000.0,,,,,,2.0940001010894775,2.1059999465942383,2.0899999141693115,2.0980000495910645,0.0,,,,,,1.688999891281128,1.7100000381469727,1.686000108718872,1.7070000171661377,0.0,,,,,
2022-01-05 19:15:00+00:00,,,,,,17.969999313354492,18.280000686645508,17.770000457763672,18.229999542236328,0.0,,,,,,1.430999994277954,1.430999994277954,1.4129999876022339,1.4160000085830688,0.0,4756.2998046875,4760.259765625,4750.77978515625,4752.22021484375,88418000.0,,,,,,2.0999999046325684,2.0999999046325684,2.0840001106262207,2.0850000381469727,0.0,,,,,,1.7070000171661377,1.7070000171661377,1.693000078201294,1.6950000524520874,0.0,,,,,
2022-01-05 19:30:00+00:00,,,,,,18.239999771118164,18.860000610351562,18.059999465942383,18.84000015258789,0.0,,,,,,1.4160000085830688,1.4329999685287476,1.4160000085830688,1.4210000038146973,0.0,4752.18017578125,4755.72998046875,4731.080078125,4731.22021484375,82429000.0,,,,,,2.0850000381469727,2.0910000801086426,2.0829999446868896,2.0850000381469727,0.0,,,,,,1.6950000524520874,1.7049999237060547,1.6950000524520874,1.6959998607635498,0.0,,,,,
2022-01-05 19:45:00+00:00,,,,,,18.889999389648438,18.920000076293945,18.350000381469727,18.469999313354492,0.0,,,,,,1.4210000038146973,1.434000015258789,1.4179999828338623,1.4329999685287476,0.0,4731.2099609375,4739.47998046875,4729.64013671875,4734.68994140625,82125000.0,,,,,,2.0870001316070557,2.0899999141693115,2.0829999446868896,2.0879998207092285,0.0,,,,,,1.6959998607635498,1.7049999237060547,1.6950000524520874,1.7020000219345093,0.0,,,,,
2022-01-05 19:59:53+00:00,,,,,,,,,,,,,,,,1.4329999685287476,1.4329999685287476,1.4329999685287476,1.4329999685287476,0.0,,,,,,,,,,,2.0879998207092285,2.0879998207092285,2.0879998207092285,2.0879998207092285,0.0,,,,,,1.7049999237060547,1.7049999237060547,1.7049999237060547,1.7049999237060547,0.0,,,,,
2022-01-05 20:00:00+00:00,,,,,,18.469999313354492,19.280000686645508,18.469999313354492,18.959999084472656,0.0,,,,,,,,,,,4734.47021484375,4734.47021484375,4717.14990234375,4725.5498046875,102087000.0,,,,,,,,,,,,,,,,,,,,,,,,,
2022-01-05 20:15:00+00:00,,,,,,18.940000534057617,19.309999465942383,18.940000534057617,19.299999237060547,0.0,,,,,,,,,,,4725.830078125,4725.8701171875,4719.1201171875,4720.9501953125,98173000.0,,,,,,,,,,,,,,,,,,,,,,,,,
2022-01-05 20:30:00+00:00,,,,,,19.31999969482422,19.459999084472656,18.93000030517578,19.270000457763672,0.0,,,,,,,,,,,4720.509765625,4728.8798828125,4717.2001953125,4720.41015625,121016000.0,,,,,,,,,,,,,,,,,,,,,,,,,
2022-01-05 20:45:00+00:00,,,,,,19.31999969482422,19.93000030517578,19.280000686645508,19.93000030517578,0.0,,,,,,,,,,,4720.43994140625,4720.43994140625,4699.43994140625,4700.490234375,302237000.0,,,,,,,,,,,,,,,,,,,,,,,,,
2022-01-05 21:00:00+00:00,,,,,,19.729999542236328,19.729999542236328,19.729999542236328,19.729999542236328,0.0,,,,,,,,,,,4700.580078125,4700.580078125,4700.580078125,4700.580078125,0.0,,,,,,,,,,,,,,,,,,,,,,,,,
2022-01-06 00:00:00+00:00,3545.654296875,3545.654296875,3535.2841796875,3538.90869140625,68792320.0,,,,,,,,,,,,,,,,,,,,,43565.51171875,43565.51171875,43429.03125,43521.05078125,157904896.0,,,,,,,,,,,,,,,,29136.75,29158.94921875,28994.869140625,29017.05078125,0.0
2022-01-06 00:15:00+00:00,3541.70068359375,3546.87060546875,3529.82177734375,3534.061767578125,592916480.0,,,,,,,,,,,,,,,,,,,,,43544.2265625,43601.5390625,43446.5078125,43517.5,843898880.0,,,,,,,,,,,,,,,,29015.98046875,29110.349609375,29015.98046875,29107.30078125,0.0
2022-01-06 00:30:00+00:00,3534.158447265625,3547.7451171875,3534.158447265625,3542.00537109375,146688000.0,,,,,,,,,,,,,,,,,,,,,43528.77734375,43746.0625,43528.77734375,43677.41015625,348921856.0,,,,,,,,,,,,,,,,29108.5703125,29112.740234375,29000.599609375,29001.08984375,0.0
2022-01-06 00:45:00+00:00,3542.93701171875,3546.50634765625,3540.033447265625,3546.50634765625,186277888.0,,,,,,,,,,,,,,,,,,,,,43708.3125,43708.3125,43634.65625,43689.9609375,122073088.0,,,,,,,,,,,,,,,,28999.220703125,29006.8203125,28946.30078125,28948.16015625,0.0
2022-01-06 01:00:00+00:00,3544.766357421875,3544.766357421875,3531.84326171875,3532.08056640625,42450944.0,,,,,,,,,,,,,,,,,,,,,43687.6875,43694.54296875,43609.8828125,43619.9453125,60063744.0,,,,,,,,,,,,,,,,28948.48046875,28972.83984375,28869.44921875,28886.150390625,0.0
2022-01-06 01:15:00+00:00,3533.56005859375,3541.54345703125,3533.56005859375,3535.5634765625,103071744.0,,,,,,,,,,,,,,,,,,,,,43675.5703125,43748.71875,43675.5703125,43685.91015625,175996928.0,,,,,,,,,,,,,,,,28885.630859375,28903.75,28860.0703125,28903.0703125,0.0
2022-01-06 01:30:00+00:00,3533.642822265625,3533.642822265625,3527.99609375,3530.380615234375,69982208.0,,,,,,,,,,,,,,,,,,,,,43647.078125,43647.078125,43586.23046875,43610.609375,72663040.0,,,,,,22843.19921875,23014.080078125,22839.2109375,23001.220703125,0.0,,,,,,28905.470703125,28929.650390625,28873.279296875,28887.9609375,0.0
2022-01-06 01:45:00+00:00,3530.992431640625,3533.20068359375,3516.7900390625,3525.251953125,91011072.0,,,,,,,,,,,,,,,,,,,,,43639.4453125,43639.51171875,43423.53515625,43552.40625,157052928.0,,,,,,23002.58984375,23022.490234375,22943.080078125,22976.099609375,0.0,,,,,,28888.01953125,28888.330078125,28829.91015625,28836.98046875,0.0
2022-01-06 02:00:00+00:00,3525.307861328125,3530.951904296875,3520.642822265625,3520.642822265625,86915072.0,,,,,,,,,,,,,,,,,,,,,43537.88671875,43593.39453125,43473.265625,43473.265625,113033216.0,,,,,,22975.990234375,22980.349609375,22814.66015625,22820.5390625,0.0,,,,,,28837.259765625,28837.259765625,28802.060546875,28802.060546875,0.0
2022-01-06 02:15:00+00:00,3520.38525390625,3520.38525390625,3513.527587890625,3513.527587890625,56336384.0,,,,,,,,,,,,,,,,,,,,,43421.9921875,43421.9921875,43372.54296875,43372.54296875,88973312.0,,,,,,22819.119140625,22819.119140625,22715.640625,22723.58984375,0.0,,,,,,28793.650390625,28793.650390625,28713.880859375,28725.6796875,0.0
2022-01-06 02:30:00+00:00,3512.54248046875,3519.085693359375,3509.85693359375,3519.085693359375,156504064.0,,,,,,,,,,,,,,,,,,,,,43357.23046875,43381.79296875,43307.24609375,43381.15234375,273723392.0,,,,,,22717.359375,22781.599609375,22714.970703125,22732.189453125,0.0,,,,,,28725.75,28725.75,28721.490234375,28721.490234375,0.0
2022-01-06 02:45:00+00:00,3519.535400390625,3523.0302734375,3517.669921875,3517.669921875,139237376.0,,,,,,,,,,,,,,,,,,,,,43386.33203125,43444.84765625,43341.28125,43341.28125,135892992.0,,,,,,22730.080078125,22773.119140625,22709.599609375,22770.669921875,0.0,,,,,,,,,,
2022-01-06 03:00:00+00:00,3516.266845703125,3516.266845703125,3504.467529296875,3505.116455078125,140072960.0,,,,,,,,,,,,,,,,,,,,,43323.44921875,43332.92578125,43238.203125,43249.3203125,139620352.0,,,,,,22769.119140625,22841.740234375,22765.9609375,22804.01953125,0.0,,,,,,,,,,
2022-01-06 03:15:00+00:00,3507.4150390625,3507.4150390625,3498.4658203125,3502.79541015625,107675648.0,,,,,,,,,,,,,,,,,,,,,43253.9609375,43282.63671875,43223.0703125,43257.66015625,198610944.0,,,,,,22805.0703125,22861.779296875,22787.4296875,22859.880859375,0.0,,,,,,,,,,
2022-01-06 03:30:00+00:00,3501.87744140625,3501.87744140625,3494.14306640625,3494.14306640625,124700672.0,,,,,,,,,,,,,,,,,,,,,43183.45703125,43240.02734375,43137.84375,43160.66015625,149045248.0,,,,,,22859.669921875,22886.5,22836.419921875,22838.9296875,0.0,,,,,,28708.759765625,28715.900390625,28641.0,28641.0,0.0
2022-01-06 03:45:00+00:00,3493.10009765625,3493.10009765625,3471.10888671875,3471.10888671875,173320192.0,,,,,,,,,,,,,,,,,,,,,43155.015625,43155.015625,42946.09765625,42946.09765625,215785472.0,,,,,,22840.6796875,22843.150390625,22810.900390625,22824.330078125,0.0,,,,,,28640.91015625,28642.720703125,28548.169921875,28596.25,0.0
2022-01-06 04:00:00+00:00,3470.4375,3470.4375,3457.80322265625,3461.110107421875,209000448.0,,,,,,,,,,,,,,,,,,,,,42918.84765625,42999.671875,42883.3359375,42999.671875,369496064.0,,,,,,22824.599609375,22824.599609375,22824.599609375,22824.599609375,0.0,,,,,,28597.349609375,28605.150390625,28559.7109375,28576.25,0.0
2022-01-06 04:05:00+00:00,,,,,,,,,,,,,,,,,,,,,,,,,,,,,,,,,,,,22824.599609375,22824.599609375,22824.599609375,22824.599609375,0.0,,,,,,,,,,
2022-01-06 04:15:00+00:00,3461.1552734375,3474.275146484375,3461.1552734375,3464.429931640625,243144704.0,,,,,,,,,,,,,,,,,,,,,42989.86328125,43104.58984375,42989.86328125,43032.47265625,272257024.0,,,,,,,,,,,,,,,,28575.33984375,28579.900390625,28554.400390625,28555.140625,0.0
2022-01-06 04:28:55+00:00,,,,,,,,,,,,,,,,,,,,,,,,,,,,,,,,,,,,,,,,,,,,,,28555.140625,28555.140625,28555.140625,28555.140625,0.0
2022-01-06 04:30:00+00:00,3462.839111328125,3462.839111328125,3432.902587890625,3432.902587890625,212148224.0,,,,,,,,,,,,,,,,,,,,,42922.51953125,43013.8984375,42761.45703125,42761.45703125,267681792.0,,,,,,,,,,,,,,,,,,,,
2022-01-06 04:45:00+00:00,3435.208740234375,3435.208740234375,3435.208740234375,3435.208740234375,106907648.0,,,,,,,,,,,,,,,,,,,,,42782.0078125,42782.0078125,42782.0078125,42782.0078125,11268096.0,,,,,,,,,,,,,,,,,,,,
2022-01-06 04:46:00+00:00,3437.8388671875,3437.8388671875,3437.8388671875,3437.8388671875,0.0,,,,,,,,,,,,,,,,,,,,,42820.7109375,42820.7109375,42820.7109375,42820.7109375,0.0,,,,,,,,,,,,,,,,,,,,
